Using pre-set license
Built from '6000.0/staging' branch; Version is '6000.0.27f1 (27c554a2199c) revision 2606420'; Using compiler version '193933523'; Build Type 'Release'
OS: 'Windows 11  (10.0.26100) 64bit Core' Language: 'it' Physical Memory: 16219 MB
BatchMode: 1, IsHumanControllingUs: 0, StartBugReporterOnCrash: 0, Is64bit: 1, IsPro: 1

COMMAND LINE ARGUMENTS:
C:\Program Files\Unity\Hub\Editor\6000.0.27f1\Editor\Unity.exe
-adb2
-batchMode
-noUpm
-name
AssetImportWorker1
-projectPath
D:/Progetti Unity/FoxAndCoins
-logFile
Logs/AssetImportWorker1.log
-srvPort
61462
-job-worker-count
5
-background-job-worker-count
8
-asset-garbage-collectors
1
Successfully changed project path to: D:/Progetti Unity/FoxAndCoins
D:/Progetti Unity/FoxAndCoins
[UnityMemory] Configuration Parameters - Can be set up in boot.config
    "memorysetup-bucket-allocator-granularity=16"
    "memorysetup-bucket-allocator-bucket-count=8"
    "memorysetup-bucket-allocator-block-size=33554432"
    "memorysetup-bucket-allocator-block-count=8"
    "memorysetup-main-allocator-block-size=16777216"
    "memorysetup-thread-allocator-block-size=16777216"
    "memorysetup-gfx-main-allocator-block-size=16777216"
    "memorysetup-gfx-thread-allocator-block-size=16777216"
    "memorysetup-cache-allocator-block-size=4194304"
    "memorysetup-typetree-allocator-block-size=2097152"
    "memorysetup-profiler-bucket-allocator-granularity=16"
    "memorysetup-profiler-bucket-allocator-bucket-count=8"
    "memorysetup-profiler-bucket-allocator-block-size=33554432"
    "memorysetup-profiler-bucket-allocator-block-count=8"
    "memorysetup-profiler-allocator-block-size=16777216"
    "memorysetup-profiler-editor-allocator-block-size=1048576"
    "memorysetup-temp-allocator-size-main=16777216"
    "memorysetup-job-temp-allocator-block-size=2097152"
    "memorysetup-job-temp-allocator-block-size-background=1048576"
    "memorysetup-job-temp-allocator-reduction-small-platforms=262144"
    "memorysetup-allocator-temp-initial-block-size-main=262144"
    "memorysetup-allocator-temp-initial-block-size-worker=262144"
    "memorysetup-temp-allocator-size-background-worker=32768"
    "memorysetup-temp-allocator-size-job-worker=262144"
    "memorysetup-temp-allocator-size-preload-manager=33554432"
    "memorysetup-temp-allocator-size-nav-mesh-worker=65536"
    "memorysetup-temp-allocator-size-audio-worker=65536"
    "memorysetup-temp-allocator-size-cloud-worker=32768"
    "memorysetup-temp-allocator-size-gi-baking-worker=262144"
    "memorysetup-temp-allocator-size-gi-baking-worker=262144"
    "memorysetup-temp-allocator-size-gi-baking-worker=262144"
    "memorysetup-temp-allocator-size-gi-baking-worker=262144"
    "memorysetup-temp-allocator-size-gi-baking-worker=262144"
    "memorysetup-temp-allocator-size-gfx=262144"
Player connection [15368]  Target information:

Player connection [15368]  * "[IP] 192.168.181.18 [Port] 0 [Flags] 2 [Guid] 4017368359 [EditorId] 4017368359 [Version] 1048832 [Id] WindowsEditor(7,Salvatore) [Debug] 1 [PackageName] WindowsEditor [ProjectName] Editor" 

Player connection [15368] Host joined multi-casting on [225.0.0.222:54997]...
Player connection [15368] Host joined alternative multi-casting on [225.0.0.222:34997]...
JobSystem: Creating JobQueue using job-worker-count value 5
[Physics::Module] Initialized fallback backend.
[Physics::Module] Id: 0xdecafbad
Library Redirect Path: Library/
[Physics::Module] Selected backend.
[Physics::Module] Name: PhysX
[Physics::Module] Id: 0xf2b8ea05
[Physics::Module] SDK Version: 4.1.2
[Physics::Module] Integration Version: 1.0.0
[Physics::Module] Threading Mode: Multi-Threaded
Refreshing native plugins compatible for Editor in 7.64 ms, found 1 plugins.
Preloading 0 native plugins for Editor in 0.00 ms.
Initialize engine version: 6000.0.27f1 (27c554a2199c)
[Subsystems] Discovering subsystems at path C:/Program Files/Unity/Hub/Editor/6000.0.27f1/Editor/Data/Resources/UnitySubsystems
[Subsystems] Discovering subsystems at path D:/Progetti Unity/FoxAndCoins/Assets
GfxDevice: creating device client; kGfxThreadingModeNonThreaded
Direct3D:
    Version:  Direct3D 11.0 [level 11.1]
    Renderer: NVIDIA GeForce GTX 1650 Ti (ID=0x1f95)
    Vendor:   NVIDIA
    VRAM:     3935 MB
    Driver:   32.0.15.5597
Initialize mono
Mono path[0] = 'C:/Program Files/Unity/Hub/Editor/6000.0.27f1/Editor/Data/Managed'
Mono path[1] = 'C:/Program Files/Unity/Hub/Editor/6000.0.27f1/Editor/Data/MonoBleedingEdge/lib/mono/unityjit-win32'
Mono config path = 'C:/Program Files/Unity/Hub/Editor/6000.0.27f1/Editor/Data/MonoBleedingEdge/etc'
Using monoOptions --debugger-agent=transport=dt_socket,embedding=1,server=y,suspend=n,address=127.0.0.1:56320
Begin MonoManager ReloadAssembly
Registering precompiled unity dll's ...
Register platform support module: C:/Program Files/Unity/Hub/Editor/6000.0.27f1/Editor/Data/PlaybackEngines/WebGLSupport/UnityEditor.WebGL.Extensions.dll
Register platform support module: C:/Program Files/Unity/Hub/Editor/6000.0.27f1/Editor/Data/PlaybackEngines/WindowsStandaloneSupport/UnityEditor.WindowsStandalone.Extensions.dll
Register platform support module: C:/Program Files/Unity/Hub/Editor/6000.0.27f1/Editor/Data/PlaybackEngines/AndroidPlayer/UnityEditor.Android.Extensions.dll
Register platform support module: C:/Program Files/Unity/Hub/Editor/6000.0.27f1/Editor/Data/PlaybackEngines/iOSSupport/UnityEditor.iOS.Extensions.dll
Registered in 0.007446 seconds.
- Loaded All Assemblies, in  0.521 seconds
[usbmuxd] Start listen thread
[usbmuxd] Listen thread started
Native extension for iOS target not found
Native extension for Android target not found
Android Extension - Scanning For ADB Devices 254 ms
Native extension for WindowsStandalone target not found
Native extension for WebGL target not found
Mono: successfully reloaded assembly
- Finished resetting the current domain, in  0.779 seconds
Domain Reload Profiling: 1297ms
	BeginReloadAssembly (180ms)
		ExecutionOrderSort (0ms)
		DisableScriptedObjects (0ms)
		BackupInstance (0ms)
		ReleaseScriptingObjects (0ms)
		CreateAndSetChildDomain (1ms)
	RebuildCommonClasses (47ms)
	RebuildNativeTypeToScriptingClass (14ms)
	initialDomainReloadingComplete (63ms)
	LoadAllAssembliesAndSetupDomain (213ms)
		LoadAssemblies (177ms)
		RebuildTransferFunctionScriptingTraits (0ms)
		AnalyzeDomain (209ms)
			TypeCache.Refresh (207ms)
				TypeCache.ScanAssembly (190ms)
			BuildScriptInfoCaches (0ms)
			ResolveRequiredComponents (1ms)
	FinalizeReload (780ms)
		ReleaseScriptCaches (0ms)
		RebuildScriptCaches (0ms)
		SetupLoadedEditorAssemblies (729ms)
			LogAssemblyErrors (0ms)
			InitializePlatformSupportModulesInManaged (391ms)
			SetLoadedEditorAssemblies (4ms)
			BeforeProcessingInitializeOnLoad (7ms)
			ProcessInitializeOnLoadAttributes (218ms)
			ProcessInitializeOnLoadMethodAttributes (105ms)
			AfterProcessingInitializeOnLoad (4ms)
			EditorAssembliesLoaded (0ms)
		ExecutionOrderSort2 (0ms)
		AwakeInstancesAfterBackupRestoration (0ms)
========================================================================
Worker process is ready to serve import requests
Import Worker Mode flag is 0x00
Begin MonoManager ReloadAssembly
- Loaded All Assemblies, in  0.976 seconds
Refreshing native plugins compatible for Editor in 7.36 ms, found 1 plugins.
Native extension for iOS target not found
Native extension for Android target not found
Native extension for WindowsStandalone target not found
Native extension for WebGL target not found
Mono: successfully reloaded assembly
- Finished resetting the current domain, in  0.749 seconds
Domain Reload Profiling: 1720ms
	BeginReloadAssembly (475ms)
		ExecutionOrderSort (0ms)
		DisableScriptedObjects (7ms)
		BackupInstance (0ms)
		ReleaseScriptingObjects (0ms)
		CreateAndSetChildDomain (39ms)
	RebuildCommonClasses (44ms)
	RebuildNativeTypeToScriptingClass (14ms)
	initialDomainReloadingComplete (52ms)
	LoadAllAssembliesAndSetupDomain (386ms)
		LoadAssemblies (380ms)
		RebuildTransferFunctionScriptingTraits (0ms)
		AnalyzeDomain (128ms)
			TypeCache.Refresh (94ms)
				TypeCache.ScanAssembly (78ms)
			BuildScriptInfoCaches (26ms)
			ResolveRequiredComponents (5ms)
	FinalizeReload (749ms)
		ReleaseScriptCaches (0ms)
		RebuildScriptCaches (0ms)
		SetupLoadedEditorAssemblies (462ms)
			LogAssemblyErrors (0ms)
			InitializePlatformSupportModulesInManaged (23ms)
			SetLoadedEditorAssemblies (5ms)
			BeforeProcessingInitializeOnLoad (47ms)
			ProcessInitializeOnLoadAttributes (318ms)
			ProcessInitializeOnLoadMethodAttributes (59ms)
			AfterProcessingInitializeOnLoad (10ms)
			EditorAssembliesLoaded (0ms)
		ExecutionOrderSort2 (0ms)
		AwakeInstancesAfterBackupRestoration (7ms)
Launched and connected shader compiler UnityShaderCompiler.exe after 0.01 seconds
Refreshing native plugins compatible for Editor in 10.32 ms, found 1 plugins.
Preloading 0 native plugins for Editor in 0.00 ms.
Unloading 14 Unused Serialized files (Serialized files now loaded: 0)
Unloading 2172 unused Assets / (1.1 MB). Loaded Objects now: 2718.
Memory consumption went from 103.0 MB to 102.0 MB.
Total: 8.430300 ms (FindLiveObjects: 0.292400 ms CreateObjectMapping: 0.212200 ms MarkObjects: 6.696500 ms  DeleteObjects: 1.226900 ms)

========================================================================
Received Import Request.
  Time since last request: 702162.904749 seconds.
  path: Assets/RESKIN/LEVELS/LEVEL 5 CASTLE INTERIOR
  artifactKey: Guid(1809a6fd775b57f46a7771c1938a37e0) Importer(815301076,1909f56bfc062723c751e8b465ee728b)
Start importing Assets/RESKIN/LEVELS/LEVEL 5 CASTLE INTERIOR using Guid(1809a6fd775b57f46a7771c1938a37e0) Importer(815301076,1909f56bfc062723c751e8b465ee728b) (PreviewImporter) -> (artifact id: '05db1e08dce65a8ca7de3a3c51d86f5a') in 0.0062227 seconds
Number of updated asset objects reloaded before import = 0Number of asset objects unloaded after import = 0

========================================================================
Received Import Request.
  Time since last request: 0.000015 seconds.
  path: Assets/RESKIN/LEVELS/LEVEL 5 CASTLE INTERIOR/L5 CASTLE INTERIOR/Animatedchandalier
  artifactKey: Guid(39ca4cd61fba3a74a98a7a0051b56c0c) Importer(815301076,1909f56bfc062723c751e8b465ee728b)
Start importing Assets/RESKIN/LEVELS/LEVEL 5 CASTLE INTERIOR/L5 CASTLE INTERIOR/Animatedchandalier using Guid(39ca4cd61fba3a74a98a7a0051b56c0c) Importer(815301076,1909f56bfc062723c751e8b465ee728b) (PreviewImporter) -> (artifact id: 'e0bc0e2e65a27df6bb1f6a4bee461f2d') in 0.0005319 seconds
Number of updated asset objects reloaded before import = 0Number of asset objects unloaded after import = 0

========================================================================
Received Import Request.
  Time since last request: 0.000126 seconds.
  path: Assets/RESKIN/LEVELS/LEVEL 5 CASTLE INTERIOR/L5 CASTLE INTERIOR/Animatedchandalier/candle-flame-animation-30px-by-54px
  artifactKey: Guid(fd1ae8b0fbcf2ed4cbbb1520c1a1b98e) Importer(815301076,1909f56bfc062723c751e8b465ee728b)
Start importing Assets/RESKIN/LEVELS/LEVEL 5 CASTLE INTERIOR/L5 CASTLE INTERIOR/Animatedchandalier/candle-flame-animation-30px-by-54px using Guid(fd1ae8b0fbcf2ed4cbbb1520c1a1b98e) Importer(815301076,1909f56bfc062723c751e8b465ee728b) (PreviewImporter) -> (artifact id: '8c5239ef758e83b56a249e12dbbbbdf9') in 0.001062 seconds
Number of updated asset objects reloaded before import = 0Number of asset objects unloaded after import = 0

========================================================================
Received Import Request.
  Time since last request: 0.000017 seconds.
  path: Assets/RESKIN/LEVELS/LEVEL 5 CASTLE INTERIOR/L5 CASTLE INTERIOR/Animatedchandalier/gif-candles.gif
  artifactKey: Guid(9dbdc4029d8a2ac4c90a62f2c74297df) Importer(815301076,1909f56bfc062723c751e8b465ee728b)
Start importing Assets/RESKIN/LEVELS/LEVEL 5 CASTLE INTERIOR/L5 CASTLE INTERIOR/Animatedchandalier/gif-candles.gif using Guid(9dbdc4029d8a2ac4c90a62f2c74297df) Importer(815301076,1909f56bfc062723c751e8b465ee728b) (PreviewImporter) -> (artifact id: '849276a1c4a9234632645aae828993e7') in 0.0788523 seconds
Number of updated asset objects reloaded before import = 0Number of asset objects unloaded after import = 2

========================================================================
Received Import Request.
  Time since last request: 0.000020 seconds.
  path: Assets/RESKIN/LEVELS/LEVEL 5 CASTLE INTERIOR/L5 CASTLE INTERIOR/Animatedchandalier/candle-flame-animation-30px-by-54px/spritesheet-30px-by-54px-per-frame.png
  artifactKey: Guid(6e8dad93046555a42ad9b9a33b1cb1ec) Importer(815301076,1909f56bfc062723c751e8b465ee728b)
Start importing Assets/RESKIN/LEVELS/LEVEL 5 CASTLE INTERIOR/L5 CASTLE INTERIOR/Animatedchandalier/candle-flame-animation-30px-by-54px/spritesheet-30px-by-54px-per-frame.png using Guid(6e8dad93046555a42ad9b9a33b1cb1ec) Importer(815301076,1909f56bfc062723c751e8b465ee728b) (PreviewImporter) -> (artifact id: 'aa525f6ed8f18002ecb3a3f7efca63db') in 0.015985 seconds
Number of updated asset objects reloaded before import = 0Number of asset objects unloaded after import = 2

========================================================================
Received Import Request.
  Time since last request: 0.000032 seconds.
  path: Assets/RESKIN/LEVELS/LEVEL 5 CASTLE INTERIOR/L5 CASTLE INTERIOR/Animatedchandalier/candle-flame-animation-30px-by-54px/02.png
  artifactKey: Guid(e36d9459406aaa14db887f00253ad54c) Importer(815301076,1909f56bfc062723c751e8b465ee728b)
Start importing Assets/RESKIN/LEVELS/LEVEL 5 CASTLE INTERIOR/L5 CASTLE INTERIOR/Animatedchandalier/candle-flame-animation-30px-by-54px/02.png using Guid(e36d9459406aaa14db887f00253ad54c) Importer(815301076,1909f56bfc062723c751e8b465ee728b) (PreviewImporter) -> (artifact id: 'f544074bfdef4e2f5947b87657a012c2') in 0.0171575 seconds
Number of updated asset objects reloaded before import = 0Number of asset objects unloaded after import = 2

========================================================================
Received Import Request.
  Time since last request: 0.000018 seconds.
  path: Assets/RESKIN/LEVELS/LEVEL 5 CASTLE INTERIOR/L5 CASTLE INTERIOR/Animatedchandalier/candle-flame-animation-30px-by-54px/03.png
  artifactKey: Guid(5993f4547b61f434098eab068cc9056c) Importer(815301076,1909f56bfc062723c751e8b465ee728b)
Start importing Assets/RESKIN/LEVELS/LEVEL 5 CASTLE INTERIOR/L5 CASTLE INTERIOR/Animatedchandalier/candle-flame-animation-30px-by-54px/03.png using Guid(5993f4547b61f434098eab068cc9056c) Importer(815301076,1909f56bfc062723c751e8b465ee728b) (PreviewImporter) -> (artifact id: '04ae7919d56a109220422e1ce77bcac4') in 0.0151494 seconds
Number of updated asset objects reloaded before import = 0Number of asset objects unloaded after import = 2

========================================================================
Received Import Request.
  Time since last request: 0.000017 seconds.
  path: Assets/RESKIN/LEVELS/LEVEL 5 CASTLE INTERIOR/L5 CASTLE INTERIOR/Animatedchandalier/candle-flame-animation-30px-by-54px/04.png
  artifactKey: Guid(430c8ba6a5d20454286aad4b96599b6d) Importer(815301076,1909f56bfc062723c751e8b465ee728b)
Start importing Assets/RESKIN/LEVELS/LEVEL 5 CASTLE INTERIOR/L5 CASTLE INTERIOR/Animatedchandalier/candle-flame-animation-30px-by-54px/04.png using Guid(430c8ba6a5d20454286aad4b96599b6d) Importer(815301076,1909f56bfc062723c751e8b465ee728b) (PreviewImporter) -> (artifact id: '90558e2bb5ea0683f13943222fe1279a') in 0.0142516 seconds
Number of updated asset objects reloaded before import = 0Number of asset objects unloaded after import = 2

========================================================================
Received Import Request.
  Time since last request: 9.628887 seconds.
  path: Assets/RESKIN/LEVELS/LEVEL 5 CASTLE INTERIOR/L5 CASTLE INTERIOR/Animatedchandalier/candle-flame-animation-30px-by-54px/03.png
  artifactKey: Guid(5993f4547b61f434098eab068cc9056c) Importer(815301076,1909f56bfc062723c751e8b465ee728b)
Start importing Assets/RESKIN/LEVELS/LEVEL 5 CASTLE INTERIOR/L5 CASTLE INTERIOR/Animatedchandalier/candle-flame-animation-30px-by-54px/03.png using Guid(5993f4547b61f434098eab068cc9056c) Importer(815301076,1909f56bfc062723c751e8b465ee728b) (PreviewImporter) -> (artifact id: '81faba064c4c08e983db1f56c9aa379a') in 0.0070964 seconds
Number of updated asset objects reloaded before import = 0Number of asset objects unloaded after import = 2

========================================================================
Received Import Request.
  Time since last request: 0.000053 seconds.
  path: Assets/RESKIN/LEVELS/LEVEL 5 CASTLE INTERIOR/L5 CASTLE INTERIOR/Animatedchandalier/candle-flame-animation-30px-by-54px/04.png
  artifactKey: Guid(430c8ba6a5d20454286aad4b96599b6d) Importer(815301076,1909f56bfc062723c751e8b465ee728b)
Start importing Assets/RESKIN/LEVELS/LEVEL 5 CASTLE INTERIOR/L5 CASTLE INTERIOR/Animatedchandalier/candle-flame-animation-30px-by-54px/04.png using Guid(430c8ba6a5d20454286aad4b96599b6d) Importer(815301076,1909f56bfc062723c751e8b465ee728b) (PreviewImporter) -> (artifact id: '0dfb8e194b440b7af11f75c8a28fd193') in 0.0062155 seconds
Number of updated asset objects reloaded before import = 0Number of asset objects unloaded after import = 2

========================================================================
Received Import Request.
  Time since last request: 0.000021 seconds.
  path: Assets/RESKIN/LEVELS/LEVEL 5 CASTLE INTERIOR/L5 CASTLE INTERIOR/Animatedchandalier/candle-flame-animation-30px-by-54px/05.png
  artifactKey: Guid(9abc5021899bed045ad5e42bf42527d1) Importer(815301076,1909f56bfc062723c751e8b465ee728b)
Start importing Assets/RESKIN/LEVELS/LEVEL 5 CASTLE INTERIOR/L5 CASTLE INTERIOR/Animatedchandalier/candle-flame-animation-30px-by-54px/05.png using Guid(9abc5021899bed045ad5e42bf42527d1) Importer(815301076,1909f56bfc062723c751e8b465ee728b) (PreviewImporter) -> (artifact id: '73a51dd06567438378439fd9aa2c79dc') in 0.0063091 seconds
Number of updated asset objects reloaded before import = 0Number of asset objects unloaded after import = 2

========================================================================
Received Import Request.
  Time since last request: 2.234528 seconds.
  path: Assets/RESKIN/LEVELS/LEVEL 5 CASTLE INTERIOR/L5 CASTLE INTERIOR/Animatedchandalier/chain/nine-links.png
  artifactKey: Guid(6607bcdc662d1ca448f28f4886a4368e) Importer(815301076,1909f56bfc062723c751e8b465ee728b)
Start importing Assets/RESKIN/LEVELS/LEVEL 5 CASTLE INTERIOR/L5 CASTLE INTERIOR/Animatedchandalier/chain/nine-links.png using Guid(6607bcdc662d1ca448f28f4886a4368e) Importer(815301076,1909f56bfc062723c751e8b465ee728b) (PreviewImporter) -> (artifact id: 'f6a3461c760a10d722827bbef4c6fa8f') in 0.018852 seconds
Number of updated asset objects reloaded before import = 0Number of asset objects unloaded after import = 2

========================================================================
Received Import Request.
  Time since last request: 0.000032 seconds.
  path: Assets/RESKIN/LEVELS/LEVEL 5 CASTLE INTERIOR/L5 CASTLE INTERIOR/Animatedchandalier/chain/six-links.png
  artifactKey: Guid(ba7f3e27bf0e6dc4faf5ed9d9be851ed) Importer(815301076,1909f56bfc062723c751e8b465ee728b)
Start importing Assets/RESKIN/LEVELS/LEVEL 5 CASTLE INTERIOR/L5 CASTLE INTERIOR/Animatedchandalier/chain/six-links.png using Guid(ba7f3e27bf0e6dc4faf5ed9d9be851ed) Importer(815301076,1909f56bfc062723c751e8b465ee728b) (PreviewImporter) -> (artifact id: 'f64ea8524a3b30e64325e6a921fc501d') in 0.0136335 seconds
Number of updated asset objects reloaded before import = 0Number of asset objects unloaded after import = 2

========================================================================
Received Import Request.
  Time since last request: 10.329902 seconds.
  path: Assets/RESKIN/LEVELS/LEVEL 5 CASTLE INTERIOR/L5 CASTLE INTERIOR/Animatedchandalier/chain/one-link.png
  artifactKey: Guid(32d8c6d211bb966428b326dc48343980) Importer(815301076,1909f56bfc062723c751e8b465ee728b)
Start importing Assets/RESKIN/LEVELS/LEVEL 5 CASTLE INTERIOR/L5 CASTLE INTERIOR/Animatedchandalier/chain/one-link.png using Guid(32d8c6d211bb966428b326dc48343980) Importer(815301076,1909f56bfc062723c751e8b465ee728b) (PreviewImporter) -> (artifact id: 'cfc4c6e6378a4710e5e9e4d8d8a1ece6') in 0.043636 seconds
Number of updated asset objects reloaded before import = 0Number of asset objects unloaded after import = 3

========================================================================
Received Import Request.
  Time since last request: 7.137830 seconds.
  path: Assets/RESKIN/LEVELS/LEVEL 5 CASTLE INTERIOR/L5 CASTLE INTERIOR/Animatedchandalier/candle-flame-animation-30px-by-54px/04.png
  artifactKey: Guid(430c8ba6a5d20454286aad4b96599b6d) Importer(815301076,1909f56bfc062723c751e8b465ee728b)
Start importing Assets/RESKIN/LEVELS/LEVEL 5 CASTLE INTERIOR/L5 CASTLE INTERIOR/Animatedchandalier/candle-flame-animation-30px-by-54px/04.png using Guid(430c8ba6a5d20454286aad4b96599b6d) Importer(815301076,1909f56bfc062723c751e8b465ee728b) (PreviewImporter) -> (artifact id: '8b54a8386ca31efbe65f9224a0c143c7') in 0.023729 seconds
Number of updated asset objects reloaded before import = 0Number of asset objects unloaded after import = 3

========================================================================
Received Import Request.
  Time since last request: 11.382250 seconds.
  path: Assets/RESKIN/LEVELS/LEVEL 5 CASTLE INTERIOR/L5 CASTLE INTERIOR/Animatedchandalier/chandalier-animated-candles-no-chain/3.png
  artifactKey: Guid(f4caddecb2f46f641805878043c76bab) Importer(815301076,1909f56bfc062723c751e8b465ee728b)
Start importing Assets/RESKIN/LEVELS/LEVEL 5 CASTLE INTERIOR/L5 CASTLE INTERIOR/Animatedchandalier/chandalier-animated-candles-no-chain/3.png using Guid(f4caddecb2f46f641805878043c76bab) Importer(815301076,1909f56bfc062723c751e8b465ee728b) (PreviewImporter) -> (artifact id: 'bedd5e45fa216630c83ab3e42c0d89b2') in 0.0164305 seconds
Number of updated asset objects reloaded before import = 0Number of asset objects unloaded after import = 2

========================================================================
Received Import Request.
  Time since last request: 0.000095 seconds.
  path: Assets/RESKIN/LEVELS/LEVEL 5 CASTLE INTERIOR/L5 CASTLE INTERIOR/Animatedchandalier/chandalier-animated-candles-no-chain/4.png
  artifactKey: Guid(d341aac4e6e0401499b6b2a07460c48c) Importer(815301076,1909f56bfc062723c751e8b465ee728b)
Start importing Assets/RESKIN/LEVELS/LEVEL 5 CASTLE INTERIOR/L5 CASTLE INTERIOR/Animatedchandalier/chandalier-animated-candles-no-chain/4.png using Guid(d341aac4e6e0401499b6b2a07460c48c) Importer(815301076,1909f56bfc062723c751e8b465ee728b) (PreviewImporter) -> (artifact id: '5499a7a644c960c5a47e761435508caa') in 0.0206188 seconds
Number of updated asset objects reloaded before import = 0Number of asset objects unloaded after import = 2

========================================================================
Received Import Request.
  Time since last request: 11.767182 seconds.
  path: Assets/RESKIN/LEVELS/LEVEL 5 CASTLE INTERIOR/L5 CASTLE INTERIOR/Animatedchandalier/chandalier-animated-candles-no-chain/4.png
  artifactKey: Guid(d341aac4e6e0401499b6b2a07460c48c) Importer(815301076,1909f56bfc062723c751e8b465ee728b)
Start importing Assets/RESKIN/LEVELS/LEVEL 5 CASTLE INTERIOR/L5 CASTLE INTERIOR/Animatedchandalier/chandalier-animated-candles-no-chain/4.png using Guid(d341aac4e6e0401499b6b2a07460c48c) Importer(815301076,1909f56bfc062723c751e8b465ee728b) (PreviewImporter) -> (artifact id: '085d22e32002210f9eed33982927868a') in 0.0211618 seconds
Number of updated asset objects reloaded before import = 0Number of asset objects unloaded after import = 3

========================================================================
Received Import Request.
  Time since last request: 0.000024 seconds.
  path: Assets/RESKIN/LEVELS/LEVEL 5 CASTLE INTERIOR/L5 CASTLE INTERIOR/Animatedchandalier/chandalier-animated-candles-no-chain/spritesheet-540px-by-379px-per-frame.png
  artifactKey: Guid(7bc24aecc89a9544e84f8594c4d9db2b) Importer(815301076,1909f56bfc062723c751e8b465ee728b)
Start importing Assets/RESKIN/LEVELS/LEVEL 5 CASTLE INTERIOR/L5 CASTLE INTERIOR/Animatedchandalier/chandalier-animated-candles-no-chain/spritesheet-540px-by-379px-per-frame.png using Guid(7bc24aecc89a9544e84f8594c4d9db2b) Importer(815301076,1909f56bfc062723c751e8b465ee728b) (PreviewImporter) -> (artifact id: '47bdba8d19adfba6edfb19234f407608') in 0.0235351 seconds
Number of updated asset objects reloaded before import = 0Number of asset objects unloaded after import = 3

========================================================================
Received Import Request.
  Time since last request: 1.691268 seconds.
  path: Assets/RESKIN/LEVELS/LEVEL 5 CASTLE INTERIOR/L5 CASTLE INTERIOR/Animatedchandalier/chandalier-icons/no-chain-with-candles-and-flame.png
  artifactKey: Guid(60e98ac016680374da98c347a15c9012) Importer(815301076,1909f56bfc062723c751e8b465ee728b)
Start importing Assets/RESKIN/LEVELS/LEVEL 5 CASTLE INTERIOR/L5 CASTLE INTERIOR/Animatedchandalier/chandalier-icons/no-chain-with-candles-and-flame.png using Guid(60e98ac016680374da98c347a15c9012) Importer(815301076,1909f56bfc062723c751e8b465ee728b) (PreviewImporter) -> (artifact id: '58174bac08ded0692eeee035520348ce') in 0.0211958 seconds
Number of updated asset objects reloaded before import = 0Number of asset objects unloaded after import = 2

========================================================================
Received Import Request.
  Time since last request: 0.000024 seconds.
  path: Assets/RESKIN/LEVELS/LEVEL 5 CASTLE INTERIOR/L5 CASTLE INTERIOR/Animatedchandalier/chandalier-icons/short-chain-with-candles-and-flame.png
  artifactKey: Guid(34a305d9272aeae46a365e4e7cb7f8d3) Importer(815301076,1909f56bfc062723c751e8b465ee728b)
Start importing Assets/RESKIN/LEVELS/LEVEL 5 CASTLE INTERIOR/L5 CASTLE INTERIOR/Animatedchandalier/chandalier-icons/short-chain-with-candles-and-flame.png using Guid(34a305d9272aeae46a365e4e7cb7f8d3) Importer(815301076,1909f56bfc062723c751e8b465ee728b) (PreviewImporter) -> (artifact id: '5adf21ced801c03685d7b3a2171020de') in 0.0294051 seconds
Number of updated asset objects reloaded before import = 0Number of asset objects unloaded after import = 2

========================================================================
Received Import Request.
  Time since last request: 7.305530 seconds.
  path: Assets/RESKIN/LEVELS/LEVEL 5 CASTLE INTERIOR/L5 CASTLE INTERIOR/Animatedchandalier/chandalier-icons/short-chain-no-candles.png
  artifactKey: Guid(a3f3b1a824dde284b8546191e8b09e81) Importer(815301076,1909f56bfc062723c751e8b465ee728b)
Start importing Assets/RESKIN/LEVELS/LEVEL 5 CASTLE INTERIOR/L5 CASTLE INTERIOR/Animatedchandalier/chandalier-icons/short-chain-no-candles.png using Guid(a3f3b1a824dde284b8546191e8b09e81) Importer(815301076,1909f56bfc062723c751e8b465ee728b) (PreviewImporter) -> (artifact id: 'cdab40ae2d79500737912bce1482bbe0') in 0.0327188 seconds
Number of updated asset objects reloaded before import = 0Number of asset objects unloaded after import = 3

========================================================================
Received Import Request.
  Time since last request: 1.353370 seconds.
  path: Assets/RESKIN/LEVELS/LEVEL 5 CASTLE INTERIOR/L5 CASTLE INTERIOR/Animatedchandalier/with-candle-animation/3.png
  artifactKey: Guid(4b45b26c02ae1b347a1b047cfc24ee2e) Importer(815301076,1909f56bfc062723c751e8b465ee728b)
Start importing Assets/RESKIN/LEVELS/LEVEL 5 CASTLE INTERIOR/L5 CASTLE INTERIOR/Animatedchandalier/with-candle-animation/3.png using Guid(4b45b26c02ae1b347a1b047cfc24ee2e) Importer(815301076,1909f56bfc062723c751e8b465ee728b) (PreviewImporter) -> (artifact id: 'e52ac3a1d8c4ead2255f38fb3c5ca446') in 0.0326543 seconds
Number of updated asset objects reloaded before import = 0Number of asset objects unloaded after import = 2

========================================================================
Received Import Request.
  Time since last request: 0.000039 seconds.
  path: Assets/RESKIN/LEVELS/LEVEL 5 CASTLE INTERIOR/L5 CASTLE INTERIOR/Animatedchandalier/with-candle-animation/spritesheet-540px-by-675px-per-frame.png
  artifactKey: Guid(65720d470673ae841b7eeed726130124) Importer(815301076,1909f56bfc062723c751e8b465ee728b)
Start importing Assets/RESKIN/LEVELS/LEVEL 5 CASTLE INTERIOR/L5 CASTLE INTERIOR/Animatedchandalier/with-candle-animation/spritesheet-540px-by-675px-per-frame.png using Guid(65720d470673ae841b7eeed726130124) Importer(815301076,1909f56bfc062723c751e8b465ee728b) (PreviewImporter) -> (artifact id: '27436b31f476ab192ee09e5bbe83195a') in 0.0400204 seconds
Number of updated asset objects reloaded before import = 0Number of asset objects unloaded after import = 2

========================================================================
Received Import Request.
  Time since last request: 6.839419 seconds.
  path: Assets/RESKIN/LEVELS/LEVEL 5 CASTLE INTERIOR/L5 CASTLE INTERIOR/Animatedchandalier/with-candle-animation/4.png
  artifactKey: Guid(9467e0eb5a085784294173a756ce63b4) Importer(815301076,1909f56bfc062723c751e8b465ee728b)
Start importing Assets/RESKIN/LEVELS/LEVEL 5 CASTLE INTERIOR/L5 CASTLE INTERIOR/Animatedchandalier/with-candle-animation/4.png using Guid(9467e0eb5a085784294173a756ce63b4) Importer(815301076,1909f56bfc062723c751e8b465ee728b) (PreviewImporter) -> (artifact id: 'e09c848b7e3e5d0637d71f40442e1745') in 0.0302325 seconds
Number of updated asset objects reloaded before import = 0Number of asset objects unloaded after import = 3

========================================================================
Received Import Request.
  Time since last request: 0.000050 seconds.
  path: Assets/RESKIN/LEVELS/LEVEL 5 CASTLE INTERIOR/L5 CASTLE INTERIOR/Animatedchandalier/with-candle-animation/spritesheet-540px-by-675px-per-frame.png
  artifactKey: Guid(65720d470673ae841b7eeed726130124) Importer(815301076,1909f56bfc062723c751e8b465ee728b)
Start importing Assets/RESKIN/LEVELS/LEVEL 5 CASTLE INTERIOR/L5 CASTLE INTERIOR/Animatedchandalier/with-candle-animation/spritesheet-540px-by-675px-per-frame.png using Guid(65720d470673ae841b7eeed726130124) Importer(815301076,1909f56bfc062723c751e8b465ee728b) (PreviewImporter) -> (artifact id: '24ddf953a893e58f87cb1a812319a092') in 0.0232012 seconds
Number of updated asset objects reloaded before import = 0Number of asset objects unloaded after import = 3

========================================================================
Received Import Request.
  Time since last request: 12.421875 seconds.
  path: Assets/RESKIN/LEVELS/LEVEL 5 CASTLE INTERIOR/L5 CASTLE INTERIOR/Megacastlepack--1v508h952z1s0a7x34/example/perspective_view_example_with_flames.png
  artifactKey: Guid(a31e9f8e926bb0e4a9cccda7ad15e64a) Importer(815301076,1909f56bfc062723c751e8b465ee728b)
Start importing Assets/RESKIN/LEVELS/LEVEL 5 CASTLE INTERIOR/L5 CASTLE INTERIOR/Megacastlepack--1v508h952z1s0a7x34/example/perspective_view_example_with_flames.png using Guid(a31e9f8e926bb0e4a9cccda7ad15e64a) Importer(815301076,1909f56bfc062723c751e8b465ee728b) (PreviewImporter) -> (artifact id: '6c7f44cb3055de459b454ff7f2d63df8') in 0.0448111 seconds
Number of updated asset objects reloaded before import = 0Number of asset objects unloaded after import = 2

========================================================================
Received Import Request.
  Time since last request: 5.119630 seconds.
  path: Assets/RESKIN/LEVELS/LEVEL 5 CASTLE INTERIOR/L5 CASTLE INTERIOR/Megacastlepack--1v508h952z1s0a7x34/props/armour_02.png
  artifactKey: Guid(cb9172b0e37a6ac4d8cbfa360b99b64e) Importer(815301076,1909f56bfc062723c751e8b465ee728b)
Start importing Assets/RESKIN/LEVELS/LEVEL 5 CASTLE INTERIOR/L5 CASTLE INTERIOR/Megacastlepack--1v508h952z1s0a7x34/props/armour_02.png using Guid(cb9172b0e37a6ac4d8cbfa360b99b64e) Importer(815301076,1909f56bfc062723c751e8b465ee728b) (PreviewImporter) -> (artifact id: '8a85e22e6849f25549ef305e7f61d3bb') in 0.0212008 seconds
Number of updated asset objects reloaded before import = 0Number of asset objects unloaded after import = 2

========================================================================
Received Import Request.
  Time since last request: 0.702576 seconds.
  path: Assets/RESKIN/LEVELS/LEVEL 5 CASTLE INTERIOR/L5 CASTLE INTERIOR/Megacastlepack--1v508h952z1s0a7x34/props/animated_candle_flame/candle_flame_03.png
  artifactKey: Guid(d69e31291cb069046808ad7908a5029f) Importer(815301076,1909f56bfc062723c751e8b465ee728b)
Start importing Assets/RESKIN/LEVELS/LEVEL 5 CASTLE INTERIOR/L5 CASTLE INTERIOR/Megacastlepack--1v508h952z1s0a7x34/props/animated_candle_flame/candle_flame_03.png using Guid(d69e31291cb069046808ad7908a5029f) Importer(815301076,1909f56bfc062723c751e8b465ee728b) (PreviewImporter) -> (artifact id: 'd9a597454fb4cc03dffc527dffbe4a58') in 0.0191691 seconds
Number of updated asset objects reloaded before import = 0Number of asset objects unloaded after import = 2

========================================================================
Received Import Request.
  Time since last request: 6.970569 seconds.
  path: Assets/RESKIN/LEVELS/LEVEL 5 CASTLE INTERIOR/L5 CASTLE INTERIOR/Megacastlepack--1v508h952z1s0a7x34/props/animated_candle_flame/candle_flame_04.png
  artifactKey: Guid(0996a9adaa2472e469c53ff88ff39b23) Importer(815301076,1909f56bfc062723c751e8b465ee728b)
Start importing Assets/RESKIN/LEVELS/LEVEL 5 CASTLE INTERIOR/L5 CASTLE INTERIOR/Megacastlepack--1v508h952z1s0a7x34/props/animated_candle_flame/candle_flame_04.png using Guid(0996a9adaa2472e469c53ff88ff39b23) Importer(815301076,1909f56bfc062723c751e8b465ee728b) (PreviewImporter) -> (artifact id: 'a4ac0f006e837115f8a80ed007e4aa3c') in 0.0179238 seconds
Number of updated asset objects reloaded before import = 0Number of asset objects unloaded after import = 3

========================================================================
Received Import Request.
  Time since last request: 7.185229 seconds.
  path: Assets/RESKIN/LEVELS/LEVEL 5 CASTLE INTERIOR/L5 CASTLE INTERIOR/Megacastlepack--1v508h952z1s0a7x34/props/bookcase/small_bookcase.png
  artifactKey: Guid(53e800a7d44eca34d90cfa80afaf9a22) Importer(815301076,1909f56bfc062723c751e8b465ee728b)
Start importing Assets/RESKIN/LEVELS/LEVEL 5 CASTLE INTERIOR/L5 CASTLE INTERIOR/Megacastlepack--1v508h952z1s0a7x34/props/bookcase/small_bookcase.png using Guid(53e800a7d44eca34d90cfa80afaf9a22) Importer(815301076,1909f56bfc062723c751e8b465ee728b) (PreviewImporter) -> (artifact id: '8f9ae3a72df71b381b4ee2a7efe3395b') in 0.0276109 seconds
Number of updated asset objects reloaded before import = 0Number of asset objects unloaded after import = 2

========================================================================
Received Import Request.
  Time since last request: 0.793394 seconds.
  path: Assets/RESKIN/LEVELS/LEVEL 5 CASTLE INTERIOR/L5 CASTLE INTERIOR/Megacastlepack--1v508h952z1s0a7x34/props/bookcase/pieces/book_brown_2.png
  artifactKey: Guid(e85c5767a6caebc4fb6819a8ed9dcb4c) Importer(815301076,1909f56bfc062723c751e8b465ee728b)
Start importing Assets/RESKIN/LEVELS/LEVEL 5 CASTLE INTERIOR/L5 CASTLE INTERIOR/Megacastlepack--1v508h952z1s0a7x34/props/bookcase/pieces/book_brown_2.png using Guid(e85c5767a6caebc4fb6819a8ed9dcb4c) Importer(815301076,1909f56bfc062723c751e8b465ee728b) (PreviewImporter) -> (artifact id: '1295e43737c23df39e39ff7097f65144') in 0.016252 seconds
Number of updated asset objects reloaded before import = 0Number of asset objects unloaded after import = 2

========================================================================
Received Import Request.
  Time since last request: 0.000019 seconds.
  path: Assets/RESKIN/LEVELS/LEVEL 5 CASTLE INTERIOR/L5 CASTLE INTERIOR/Megacastlepack--1v508h952z1s0a7x34/props/bookcase/pieces/book_red.png
  artifactKey: Guid(6f7990dd6da59c840af6004b86cec933) Importer(815301076,1909f56bfc062723c751e8b465ee728b)
Start importing Assets/RESKIN/LEVELS/LEVEL 5 CASTLE INTERIOR/L5 CASTLE INTERIOR/Megacastlepack--1v508h952z1s0a7x34/props/bookcase/pieces/book_red.png using Guid(6f7990dd6da59c840af6004b86cec933) Importer(815301076,1909f56bfc062723c751e8b465ee728b) (PreviewImporter) -> (artifact id: '0818de78dddcd54c4be350b7971ef2b0') in 0.0149341 seconds
Number of updated asset objects reloaded before import = 0Number of asset objects unloaded after import = 2

========================================================================
Received Import Request.
  Time since last request: 0.000074 seconds.
  path: Assets/RESKIN/LEVELS/LEVEL 5 CASTLE INTERIOR/L5 CASTLE INTERIOR/Megacastlepack--1v508h952z1s0a7x34/props/bookcase/pieces/books_01.png
  artifactKey: Guid(5190603134fee5c49ad56580ff225136) Importer(815301076,1909f56bfc062723c751e8b465ee728b)
Start importing Assets/RESKIN/LEVELS/LEVEL 5 CASTLE INTERIOR/L5 CASTLE INTERIOR/Megacastlepack--1v508h952z1s0a7x34/props/bookcase/pieces/books_01.png using Guid(5190603134fee5c49ad56580ff225136) Importer(815301076,1909f56bfc062723c751e8b465ee728b) (PreviewImporter) -> (artifact id: 'fbf70006df2387973e4973fa5d4cef9a') in 0.0168603 seconds
Number of updated asset objects reloaded before import = 0Number of asset objects unloaded after import = 2

========================================================================
Received Import Request.
  Time since last request: 6.751827 seconds.
  path: Assets/RESKIN/LEVELS/LEVEL 5 CASTLE INTERIOR/L5 CASTLE INTERIOR/Megacastlepack--1v508h952z1s0a7x34/props/bookcase/pieces/book_green.png
  artifactKey: Guid(37a8b48e9c17f0a4680fb55ef6a910e8) Importer(815301076,1909f56bfc062723c751e8b465ee728b)
Start importing Assets/RESKIN/LEVELS/LEVEL 5 CASTLE INTERIOR/L5 CASTLE INTERIOR/Megacastlepack--1v508h952z1s0a7x34/props/bookcase/pieces/book_green.png using Guid(37a8b48e9c17f0a4680fb55ef6a910e8) Importer(815301076,1909f56bfc062723c751e8b465ee728b) (PreviewImporter) -> (artifact id: '508f90fee6246e4f3fa346fea5851c6a') in 0.0161717 seconds
Number of updated asset objects reloaded before import = 0Number of asset objects unloaded after import = 3

========================================================================
Received Import Request.
  Time since last request: 0.000128 seconds.
  path: Assets/RESKIN/LEVELS/LEVEL 5 CASTLE INTERIOR/L5 CASTLE INTERIOR/Megacastlepack--1v508h952z1s0a7x34/props/bookcase/pieces/book_purple.png
  artifactKey: Guid(0fb738740ea1f3b4baa46434f467f8e4) Importer(815301076,1909f56bfc062723c751e8b465ee728b)
Start importing Assets/RESKIN/LEVELS/LEVEL 5 CASTLE INTERIOR/L5 CASTLE INTERIOR/Megacastlepack--1v508h952z1s0a7x34/props/bookcase/pieces/book_purple.png using Guid(0fb738740ea1f3b4baa46434f467f8e4) Importer(815301076,1909f56bfc062723c751e8b465ee728b) (PreviewImporter) -> (artifact id: 'b2345e3a90293757a2b4954b87ad397e') in 0.0208034 seconds
Number of updated asset objects reloaded before import = 0Number of asset objects unloaded after import = 3

========================================================================
Received Import Request.
  Time since last request: 0.000063 seconds.
  path: Assets/RESKIN/LEVELS/LEVEL 5 CASTLE INTERIOR/L5 CASTLE INTERIOR/Megacastlepack--1v508h952z1s0a7x34/props/bookcase/pieces/books_02.png
  artifactKey: Guid(62f44bdf262209548a85ffe5536bdf7e) Importer(815301076,1909f56bfc062723c751e8b465ee728b)
Start importing Assets/RESKIN/LEVELS/LEVEL 5 CASTLE INTERIOR/L5 CASTLE INTERIOR/Megacastlepack--1v508h952z1s0a7x34/props/bookcase/pieces/books_02.png using Guid(62f44bdf262209548a85ffe5536bdf7e) Importer(815301076,1909f56bfc062723c751e8b465ee728b) (PreviewImporter) -> (artifact id: '616aa8202119a23895f3ac17966ce001') in 0.0242063 seconds
Number of updated asset objects reloaded before import = 0Number of asset objects unloaded after import = 3

========================================================================
Received Import Request.
  Time since last request: 9.716055 seconds.
  path: Assets/RESKIN/LEVELS/LEVEL 5 CASTLE INTERIOR/L5 CASTLE INTERIOR/Megacastlepack--1v508h952z1s0a7x34/props/curtains/curtain_red_medium.png
  artifactKey: Guid(df93a4e50db2b7c4a9bd7d1967124679) Importer(815301076,1909f56bfc062723c751e8b465ee728b)
Start importing Assets/RESKIN/LEVELS/LEVEL 5 CASTLE INTERIOR/L5 CASTLE INTERIOR/Megacastlepack--1v508h952z1s0a7x34/props/curtains/curtain_red_medium.png using Guid(df93a4e50db2b7c4a9bd7d1967124679) Importer(815301076,1909f56bfc062723c751e8b465ee728b) (PreviewImporter) -> (artifact id: '3011d27d365deabe868e92e85bf722f3') in 0.0230617 seconds
Number of updated asset objects reloaded before import = 0Number of asset objects unloaded after import = 2

========================================================================
Received Import Request.
  Time since last request: 0.000025 seconds.
  path: Assets/RESKIN/LEVELS/LEVEL 5 CASTLE INTERIOR/L5 CASTLE INTERIOR/Megacastlepack--1v508h952z1s0a7x34/props/curtains/gold_cord_01.png
  artifactKey: Guid(c0f8870418d728f4c99ae6eb6d74ede4) Importer(815301076,1909f56bfc062723c751e8b465ee728b)
Start importing Assets/RESKIN/LEVELS/LEVEL 5 CASTLE INTERIOR/L5 CASTLE INTERIOR/Megacastlepack--1v508h952z1s0a7x34/props/curtains/gold_cord_01.png using Guid(c0f8870418d728f4c99ae6eb6d74ede4) Importer(815301076,1909f56bfc062723c751e8b465ee728b) (PreviewImporter) -> (artifact id: 'ff994efc4b080666533ca64b9c19ad5a') in 0.0169868 seconds
Number of updated asset objects reloaded before import = 0Number of asset objects unloaded after import = 2

========================================================================
Received Import Request.
  Time since last request: 7.252327 seconds.
  path: Assets/RESKIN/LEVELS/LEVEL 5 CASTLE INTERIOR/L5 CASTLE INTERIOR/Megacastlepack--1v508h952z1s0a7x34/props/curtains/curtain_red_short.png
  artifactKey: Guid(5998df46d6f97524288bcc1f6f6a78ed) Importer(815301076,1909f56bfc062723c751e8b465ee728b)
Start importing Assets/RESKIN/LEVELS/LEVEL 5 CASTLE INTERIOR/L5 CASTLE INTERIOR/Megacastlepack--1v508h952z1s0a7x34/props/curtains/curtain_red_short.png using Guid(5998df46d6f97524288bcc1f6f6a78ed) Importer(815301076,1909f56bfc062723c751e8b465ee728b) (PreviewImporter) -> (artifact id: '9e8b8d31543cec1bd44121c49b856d0b') in 0.0254489 seconds
Number of updated asset objects reloaded before import = 0Number of asset objects unloaded after import = 3

========================================================================
Received Import Request.
  Time since last request: 2.127549 seconds.
  path: Assets/RESKIN/LEVELS/LEVEL 5 CASTLE INTERIOR/L5 CASTLE INTERIOR/Megacastlepack--1v508h952z1s0a7x34/props/fireplace/fire_02.png
  artifactKey: Guid(2d7c0c939dfe14749a50a8f46eef6284) Importer(815301076,1909f56bfc062723c751e8b465ee728b)
Start importing Assets/RESKIN/LEVELS/LEVEL 5 CASTLE INTERIOR/L5 CASTLE INTERIOR/Megacastlepack--1v508h952z1s0a7x34/props/fireplace/fire_02.png using Guid(2d7c0c939dfe14749a50a8f46eef6284) Importer(815301076,1909f56bfc062723c751e8b465ee728b) (PreviewImporter) -> (artifact id: '93cbc02bd91b2f7b4d844338f6d4b5f9') in 0.0293663 seconds
Number of updated asset objects reloaded before import = 0Number of asset objects unloaded after import = 2

========================================================================
Received Import Request.
  Time since last request: 0.000109 seconds.
  path: Assets/RESKIN/LEVELS/LEVEL 5 CASTLE INTERIOR/L5 CASTLE INTERIOR/Megacastlepack--1v508h952z1s0a7x34/props/fireplace/fire_03.png
  artifactKey: Guid(95e73cbe2d58e3f4e83d3aba2ae68b49) Importer(815301076,1909f56bfc062723c751e8b465ee728b)
Start importing Assets/RESKIN/LEVELS/LEVEL 5 CASTLE INTERIOR/L5 CASTLE INTERIOR/Megacastlepack--1v508h952z1s0a7x34/props/fireplace/fire_03.png using Guid(95e73cbe2d58e3f4e83d3aba2ae68b49) Importer(815301076,1909f56bfc062723c751e8b465ee728b) (PreviewImporter) -> (artifact id: '595ddb83561215fa4494d83fe63f8500') in 0.0261671 seconds
Number of updated asset objects reloaded before import = 0Number of asset objects unloaded after import = 2

========================================================================
Received Import Request.
  Time since last request: 9.233016 seconds.
  path: Assets/RESKIN/LEVELS/LEVEL 5 CASTLE INTERIOR/L5 CASTLE INTERIOR/Megacastlepack--1v508h952z1s0a7x34/props/fireplace/fire_03.png
  artifactKey: Guid(95e73cbe2d58e3f4e83d3aba2ae68b49) Importer(815301076,1909f56bfc062723c751e8b465ee728b)
Start importing Assets/RESKIN/LEVELS/LEVEL 5 CASTLE INTERIOR/L5 CASTLE INTERIOR/Megacastlepack--1v508h952z1s0a7x34/props/fireplace/fire_03.png using Guid(95e73cbe2d58e3f4e83d3aba2ae68b49) Importer(815301076,1909f56bfc062723c751e8b465ee728b) (PreviewImporter) -> (artifact id: 'a3fa18fef7ad92f5db29afb7ea8178ac') in 0.0273897 seconds
Number of updated asset objects reloaded before import = 0Number of asset objects unloaded after import = 3

========================================================================
Received Import Request.
  Time since last request: 0.000053 seconds.
  path: Assets/RESKIN/LEVELS/LEVEL 5 CASTLE INTERIOR/L5 CASTLE INTERIOR/Megacastlepack--1v508h952z1s0a7x34/props/fireplace/fire_04.png
  artifactKey: Guid(c3f3db63512c16d4b838479c30529ae3) Importer(815301076,1909f56bfc062723c751e8b465ee728b)
Start importing Assets/RESKIN/LEVELS/LEVEL 5 CASTLE INTERIOR/L5 CASTLE INTERIOR/Megacastlepack--1v508h952z1s0a7x34/props/fireplace/fire_04.png using Guid(c3f3db63512c16d4b838479c30529ae3) Importer(815301076,1909f56bfc062723c751e8b465ee728b) (PreviewImporter) -> (artifact id: '5c2d5ee22cc758694ac781662a668297') in 0.0252216 seconds
Number of updated asset objects reloaded before import = 0Number of asset objects unloaded after import = 3

========================================================================
Received Import Request.
  Time since last request: 23.785214 seconds.
  path: Assets/RESKIN/LEVELS/LEVEL 5 CASTLE INTERIOR/L5 CASTLE INTERIOR/Megacastlepack--1v508h952z1s0a7x34/props/torch/tourch_lit_02.png
  artifactKey: Guid(93dd5923643ab0b4fa0ae8434c845924) Importer(815301076,1909f56bfc062723c751e8b465ee728b)
Start importing Assets/RESKIN/LEVELS/LEVEL 5 CASTLE INTERIOR/L5 CASTLE INTERIOR/Megacastlepack--1v508h952z1s0a7x34/props/torch/tourch_lit_02.png using Guid(93dd5923643ab0b4fa0ae8434c845924) Importer(815301076,1909f56bfc062723c751e8b465ee728b) (PreviewImporter) -> (artifact id: '51e1e9f424bf5710456294442a5f0bcb') in 0.0218413 seconds
Number of updated asset objects reloaded before import = 0Number of asset objects unloaded after import = 2

========================================================================
Received Import Request.
  Time since last request: 0.000049 seconds.
  path: Assets/RESKIN/LEVELS/LEVEL 5 CASTLE INTERIOR/L5 CASTLE INTERIOR/Megacastlepack--1v508h952z1s0a7x34/props/torch/tourch_lit_04.png
  artifactKey: Guid(0bda3233b9841374a9e1514172b70f29) Importer(815301076,1909f56bfc062723c751e8b465ee728b)
Start importing Assets/RESKIN/LEVELS/LEVEL 5 CASTLE INTERIOR/L5 CASTLE INTERIOR/Megacastlepack--1v508h952z1s0a7x34/props/torch/tourch_lit_04.png using Guid(0bda3233b9841374a9e1514172b70f29) Importer(815301076,1909f56bfc062723c751e8b465ee728b) (PreviewImporter) -> (artifact id: '26fc12e2f5577f666120a1c5d2ae2d6d') in 0.0205378 seconds
Number of updated asset objects reloaded before import = 0Number of asset objects unloaded after import = 2

========================================================================
Received Import Request.
  Time since last request: 7.465156 seconds.
  path: Assets/RESKIN/LEVELS/LEVEL 5 CASTLE INTERIOR/L5 CASTLE INTERIOR/Megacastlepack--1v508h952z1s0a7x34/props/torch/tourch_lit_03.png
  artifactKey: Guid(4ff79c7d620675b40bd77f506591aa5f) Importer(815301076,1909f56bfc062723c751e8b465ee728b)
Start importing Assets/RESKIN/LEVELS/LEVEL 5 CASTLE INTERIOR/L5 CASTLE INTERIOR/Megacastlepack--1v508h952z1s0a7x34/props/torch/tourch_lit_03.png using Guid(4ff79c7d620675b40bd77f506591aa5f) Importer(815301076,1909f56bfc062723c751e8b465ee728b) (PreviewImporter) -> (artifact id: '789337761934e405cb32782f8c561e0d') in 0.0768899 seconds
Number of updated asset objects reloaded before import = 0Number of asset objects unloaded after import = 3

========================================================================
Received Import Request.
  Time since last request: 2.494302 seconds.
  path: Assets/RESKIN/LEVELS/LEVEL 5 CASTLE INTERIOR/L5 CASTLE INTERIOR/Megacastlepack--1v508h952z1s0a7x34/props/book_front_brown.png
  artifactKey: Guid(115bde63fa9fcf54bbb69510d54d4eca) Importer(815301076,1909f56bfc062723c751e8b465ee728b)
Start importing Assets/RESKIN/LEVELS/LEVEL 5 CASTLE INTERIOR/L5 CASTLE INTERIOR/Megacastlepack--1v508h952z1s0a7x34/props/book_front_brown.png using Guid(115bde63fa9fcf54bbb69510d54d4eca) Importer(815301076,1909f56bfc062723c751e8b465ee728b) (PreviewImporter) -> (artifact id: '30745bfc70ba1e8b8aa15c5b088ccc3d') in 0.0417841 seconds
Number of updated asset objects reloaded before import = 0Number of asset objects unloaded after import = 2

========================================================================
Received Import Request.
  Time since last request: 0.829067 seconds.
  path: Assets/RESKIN/LEVELS/LEVEL 5 CASTLE INTERIOR/L5 CASTLE INTERIOR/Megacastlepack--1v508h952z1s0a7x34/props/chaire.png
  artifactKey: Guid(9155ae0c853e23a4e81b39445c8d7e9e) Importer(815301076,1909f56bfc062723c751e8b465ee728b)
Start importing Assets/RESKIN/LEVELS/LEVEL 5 CASTLE INTERIOR/L5 CASTLE INTERIOR/Megacastlepack--1v508h952z1s0a7x34/props/chaire.png using Guid(9155ae0c853e23a4e81b39445c8d7e9e) Importer(815301076,1909f56bfc062723c751e8b465ee728b) (PreviewImporter) -> (artifact id: 'f9e7f2f34129831fe33d7faa1c8212ad') in 0.0187274 seconds
Number of updated asset objects reloaded before import = 0Number of asset objects unloaded after import = 2

========================================================================
Received Import Request.
  Time since last request: 0.809711 seconds.
  path: Assets/RESKIN/LEVELS/LEVEL 5 CASTLE INTERIOR/L5 CASTLE INTERIOR/Megacastlepack--1v508h952z1s0a7x34/props/door_open_down.png
  artifactKey: Guid(793a5dcd75d63234b89cf0a876d47546) Importer(815301076,1909f56bfc062723c751e8b465ee728b)
Start importing Assets/RESKIN/LEVELS/LEVEL 5 CASTLE INTERIOR/L5 CASTLE INTERIOR/Megacastlepack--1v508h952z1s0a7x34/props/door_open_down.png using Guid(793a5dcd75d63234b89cf0a876d47546) Importer(815301076,1909f56bfc062723c751e8b465ee728b) (PreviewImporter) -> (artifact id: 'f8ea8518b4c13e7f7d4bb3812928d6dc') in 0.0223746 seconds
Number of updated asset objects reloaded before import = 0Number of asset objects unloaded after import = 2

========================================================================
Received Import Request.
  Time since last request: 0.000024 seconds.
  path: Assets/RESKIN/LEVELS/LEVEL 5 CASTLE INTERIOR/L5 CASTLE INTERIOR/Megacastlepack--1v508h952z1s0a7x34/props/hanging_flag.png
  artifactKey: Guid(71aa705ebe63b5e439227abfa84b4c6f) Importer(815301076,1909f56bfc062723c751e8b465ee728b)
Start importing Assets/RESKIN/LEVELS/LEVEL 5 CASTLE INTERIOR/L5 CASTLE INTERIOR/Megacastlepack--1v508h952z1s0a7x34/props/hanging_flag.png using Guid(71aa705ebe63b5e439227abfa84b4c6f) Importer(815301076,1909f56bfc062723c751e8b465ee728b) (PreviewImporter) -> (artifact id: '003b70d779a73660fbfc475cfec4a95a') in 0.0190057 seconds
Number of updated asset objects reloaded before import = 0Number of asset objects unloaded after import = 2

========================================================================
Received Import Request.
  Time since last request: 0.000131 seconds.
  path: Assets/RESKIN/LEVELS/LEVEL 5 CASTLE INTERIOR/L5 CASTLE INTERIOR/Megacastlepack--1v508h952z1s0a7x34/props/hanging_flag_emblem.png
  artifactKey: Guid(244161ec8d28c75419980a2219309ed0) Importer(815301076,1909f56bfc062723c751e8b465ee728b)
Start importing Assets/RESKIN/LEVELS/LEVEL 5 CASTLE INTERIOR/L5 CASTLE INTERIOR/Megacastlepack--1v508h952z1s0a7x34/props/hanging_flag_emblem.png using Guid(244161ec8d28c75419980a2219309ed0) Importer(815301076,1909f56bfc062723c751e8b465ee728b) (PreviewImporter) -> (artifact id: '7e12ab8add7869700a1045449a772f89') in 0.0182197 seconds
Number of updated asset objects reloaded before import = 0Number of asset objects unloaded after import = 2

========================================================================
Received Import Request.
  Time since last request: 0.000102 seconds.
  path: Assets/RESKIN/LEVELS/LEVEL 5 CASTLE INTERIOR/L5 CASTLE INTERIOR/Megacastlepack--1v508h952z1s0a7x34/props/pedestal.png
  artifactKey: Guid(6cdce8ec7cdb90648ad01742547cf0be) Importer(815301076,1909f56bfc062723c751e8b465ee728b)
Start importing Assets/RESKIN/LEVELS/LEVEL 5 CASTLE INTERIOR/L5 CASTLE INTERIOR/Megacastlepack--1v508h952z1s0a7x34/props/pedestal.png using Guid(6cdce8ec7cdb90648ad01742547cf0be) Importer(815301076,1909f56bfc062723c751e8b465ee728b) (PreviewImporter) -> (artifact id: '64b0eb7f1ecdcaebb6b74015075996fa') in 0.0166354 seconds
Number of updated asset objects reloaded before import = 0Number of asset objects unloaded after import = 2

========================================================================
Received Import Request.
  Time since last request: 0.000053 seconds.
  path: Assets/RESKIN/LEVELS/LEVEL 5 CASTLE INTERIOR/L5 CASTLE INTERIOR/Megacastlepack--1v508h952z1s0a7x34/props/wall_ring.png
  artifactKey: Guid(6788a35603a07784587ae9be6f296cad) Importer(815301076,1909f56bfc062723c751e8b465ee728b)
Start importing Assets/RESKIN/LEVELS/LEVEL 5 CASTLE INTERIOR/L5 CASTLE INTERIOR/Megacastlepack--1v508h952z1s0a7x34/props/wall_ring.png using Guid(6788a35603a07784587ae9be6f296cad) Importer(815301076,1909f56bfc062723c751e8b465ee728b) (PreviewImporter) -> (artifact id: '65d590c650922135a51c522a8e6a114a') in 0.0157814 seconds
Number of updated asset objects reloaded before import = 0Number of asset objects unloaded after import = 2

========================================================================
Received Import Request.
  Time since last request: 0.002441 seconds.
  path: Assets/RESKIN/LEVELS/LEVEL 5 CASTLE INTERIOR/L5 CASTLE INTERIOR/Megacastlepack--1v508h952z1s0a7x34/props/wine_glass.png
  artifactKey: Guid(d035e850affc5f342895258da1488224) Importer(815301076,1909f56bfc062723c751e8b465ee728b)
Start importing Assets/RESKIN/LEVELS/LEVEL 5 CASTLE INTERIOR/L5 CASTLE INTERIOR/Megacastlepack--1v508h952z1s0a7x34/props/wine_glass.png using Guid(d035e850affc5f342895258da1488224) Importer(815301076,1909f56bfc062723c751e8b465ee728b) (PreviewImporter) -> (artifact id: 'ce603678eb12ad27eb17f05a9c5b874d') in 0.0163216 seconds
Number of updated asset objects reloaded before import = 0Number of asset objects unloaded after import = 2

========================================================================
Received Import Request.
  Time since last request: 8.058747 seconds.
  path: Assets/RESKIN/LEVELS/LEVEL 5 CASTLE INTERIOR/L5 CASTLE INTERIOR/Megacastlepack--1v508h952z1s0a7x34/props/wall_plaque.png
  artifactKey: Guid(4d20c1ffa4cba2a4387c50df030d22ed) Importer(815301076,1909f56bfc062723c751e8b465ee728b)
Start importing Assets/RESKIN/LEVELS/LEVEL 5 CASTLE INTERIOR/L5 CASTLE INTERIOR/Megacastlepack--1v508h952z1s0a7x34/props/wall_plaque.png using Guid(4d20c1ffa4cba2a4387c50df030d22ed) Importer(815301076,1909f56bfc062723c751e8b465ee728b) (PreviewImporter) -> (artifact id: '9cf04295a11c0b5e6b5e2c557bd2a46c') in 0.0266247 seconds
Number of updated asset objects reloaded before import = 0Number of asset objects unloaded after import = 3

========================================================================
Received Import Request.
  Time since last request: 0.000021 seconds.
  path: Assets/RESKIN/LEVELS/LEVEL 5 CASTLE INTERIOR/L5 CASTLE INTERIOR/Megacastlepack--1v508h952z1s0a7x34/props/wine_glass.png
  artifactKey: Guid(d035e850affc5f342895258da1488224) Importer(815301076,1909f56bfc062723c751e8b465ee728b)
Start importing Assets/RESKIN/LEVELS/LEVEL 5 CASTLE INTERIOR/L5 CASTLE INTERIOR/Megacastlepack--1v508h952z1s0a7x34/props/wine_glass.png using Guid(d035e850affc5f342895258da1488224) Importer(815301076,1909f56bfc062723c751e8b465ee728b) (PreviewImporter) -> (artifact id: 'dbab1f71cd39a9b92c7d0c994c5b6cb1') in 0.0222199 seconds
Number of updated asset objects reloaded before import = 0Number of asset objects unloaded after import = 3

========================================================================
Received Import Request.
  Time since last request: 2.016746 seconds.
  path: Assets/RESKIN/LEVELS/LEVEL 5 CASTLE INTERIOR/L5 CASTLE INTERIOR/Megacastlepack--1v508h952z1s0a7x34/scene_construction_pngs/floor.png
  artifactKey: Guid(628e4277e2e92e7419d10d845cfa63e7) Importer(815301076,1909f56bfc062723c751e8b465ee728b)
Start importing Assets/RESKIN/LEVELS/LEVEL 5 CASTLE INTERIOR/L5 CASTLE INTERIOR/Megacastlepack--1v508h952z1s0a7x34/scene_construction_pngs/floor.png using Guid(628e4277e2e92e7419d10d845cfa63e7) Importer(815301076,1909f56bfc062723c751e8b465ee728b) (PreviewImporter) -> (artifact id: 'a3633a91be658560a9724a2242dcae10') in 0.0340125 seconds
Number of updated asset objects reloaded before import = 0Number of asset objects unloaded after import = 2

========================================================================
Received Import Request.
  Time since last request: 1.202622 seconds.
  path: Assets/RESKIN/LEVELS/LEVEL 5 CASTLE INTERIOR/L5 CASTLE INTERIOR/Megacastlepack--1v508h952z1s0a7x34/scene_construction_pngs/face_on_pillars/pillar_arch_right_end.png
  artifactKey: Guid(b1c7f7e100d4f844da1c45ac7e8826b2) Importer(815301076,1909f56bfc062723c751e8b465ee728b)
Start importing Assets/RESKIN/LEVELS/LEVEL 5 CASTLE INTERIOR/L5 CASTLE INTERIOR/Megacastlepack--1v508h952z1s0a7x34/scene_construction_pngs/face_on_pillars/pillar_arch_right_end.png using Guid(b1c7f7e100d4f844da1c45ac7e8826b2) Importer(815301076,1909f56bfc062723c751e8b465ee728b) (PreviewImporter) -> (artifact id: '557e86eb89f7e529cdf2b9c270e0f5f4') in 0.0501867 seconds
Number of updated asset objects reloaded before import = 0Number of asset objects unloaded after import = 2

========================================================================
Received Import Request.
  Time since last request: 0.000021 seconds.
  path: Assets/RESKIN/LEVELS/LEVEL 5 CASTLE INTERIOR/L5 CASTLE INTERIOR/Megacastlepack--1v508h952z1s0a7x34/scene_construction_pngs/face_on_pillars/pillar_top.png
  artifactKey: Guid(5350b48c484d3e8428e209830c873bac) Importer(815301076,1909f56bfc062723c751e8b465ee728b)
Start importing Assets/RESKIN/LEVELS/LEVEL 5 CASTLE INTERIOR/L5 CASTLE INTERIOR/Megacastlepack--1v508h952z1s0a7x34/scene_construction_pngs/face_on_pillars/pillar_top.png using Guid(5350b48c484d3e8428e209830c873bac) Importer(815301076,1909f56bfc062723c751e8b465ee728b) (PreviewImporter) -> (artifact id: 'a51bc39566199e6920258ea1232973d3') in 0.0218595 seconds
Number of updated asset objects reloaded before import = 0Number of asset objects unloaded after import = 2

========================================================================
Received Import Request.
  Time since last request: 18.227362 seconds.
  path: Assets/RESKIN/LEVELS/LEVEL 5 CASTLE INTERIOR/L5 CASTLE INTERIOR/Megacastlepack--1v508h952z1s0a7x34/scene_construction_pngs/face_on_pillars/pillar_arch_right_end.png
  artifactKey: Guid(b1c7f7e100d4f844da1c45ac7e8826b2) Importer(815301076,1909f56bfc062723c751e8b465ee728b)
Start importing Assets/RESKIN/LEVELS/LEVEL 5 CASTLE INTERIOR/L5 CASTLE INTERIOR/Megacastlepack--1v508h952z1s0a7x34/scene_construction_pngs/face_on_pillars/pillar_arch_right_end.png using Guid(b1c7f7e100d4f844da1c45ac7e8826b2) Importer(815301076,1909f56bfc062723c751e8b465ee728b) (PreviewImporter) -> (artifact id: 'a051d6f4acb211a1d41110bd591a2ab3') in 0.045826 seconds
Number of updated asset objects reloaded before import = 0Number of asset objects unloaded after import = 3

========================================================================
Received Import Request.
  Time since last request: 0.000026 seconds.
  path: Assets/RESKIN/LEVELS/LEVEL 5 CASTLE INTERIOR/L5 CASTLE INTERIOR/Megacastlepack--1v508h952z1s0a7x34/scene_construction_pngs/face_on_pillars/pillar_bottom.png
  artifactKey: Guid(046be5b213ba3414b85959d7e9257de6) Importer(815301076,1909f56bfc062723c751e8b465ee728b)
Start importing Assets/RESKIN/LEVELS/LEVEL 5 CASTLE INTERIOR/L5 CASTLE INTERIOR/Megacastlepack--1v508h952z1s0a7x34/scene_construction_pngs/face_on_pillars/pillar_bottom.png using Guid(046be5b213ba3414b85959d7e9257de6) Importer(815301076,1909f56bfc062723c751e8b465ee728b) (PreviewImporter) -> (artifact id: '45ae80f1848636eaa4025513ce90ddcd') in 0.0169914 seconds
Number of updated asset objects reloaded before import = 0Number of asset objects unloaded after import = 3

========================================================================
Received Import Request.
  Time since last request: 0.000015 seconds.
  path: Assets/RESKIN/LEVELS/LEVEL 5 CASTLE INTERIOR/L5 CASTLE INTERIOR/Megacastlepack--1v508h952z1s0a7x34/scene_construction_pngs/face_on_pillars/pillar_complete.png
  artifactKey: Guid(54d496d12552a374889036c04f90b20e) Importer(815301076,1909f56bfc062723c751e8b465ee728b)
Start importing Assets/RESKIN/LEVELS/LEVEL 5 CASTLE INTERIOR/L5 CASTLE INTERIOR/Megacastlepack--1v508h952z1s0a7x34/scene_construction_pngs/face_on_pillars/pillar_complete.png using Guid(54d496d12552a374889036c04f90b20e) Importer(815301076,1909f56bfc062723c751e8b465ee728b) (PreviewImporter) -> (artifact id: '5eafa751bbc66dfa3fa1e734befd90b3') in 0.0189336 seconds
Number of updated asset objects reloaded before import = 0Number of asset objects unloaded after import = 3

========================================================================
Received Import Request.
  Time since last request: 2.293174 seconds.
  path: Assets/RESKIN/LEVELS/LEVEL 5 CASTLE INTERIOR/L5 CASTLE INTERIOR/Megacastlepack--1v508h952z1s0a7x34/scene_construction_pngs/pillar_with_perspective/pillar_complete.png
  artifactKey: Guid(95061ceb3fea67a4aadf9c7fca28be82) Importer(815301076,1909f56bfc062723c751e8b465ee728b)
Start importing Assets/RESKIN/LEVELS/LEVEL 5 CASTLE INTERIOR/L5 CASTLE INTERIOR/Megacastlepack--1v508h952z1s0a7x34/scene_construction_pngs/pillar_with_perspective/pillar_complete.png using Guid(95061ceb3fea67a4aadf9c7fca28be82) Importer(815301076,1909f56bfc062723c751e8b465ee728b) (PreviewImporter) -> (artifact id: '151a8b7fa486b633e3cfcc750b09c16b') in 0.0490859 seconds
Number of updated asset objects reloaded before import = 0Number of asset objects unloaded after import = 2

========================================================================
Received Import Request.
  Time since last request: 7.888164 seconds.
  path: Assets/RESKIN/LEVELS/LEVEL 5 CASTLE INTERIOR/L5 CASTLE INTERIOR/Megacastlepack--1v508h952z1s0a7x34/scene_construction_pngs/pillar_with_perspective/pillar_complete.png
  artifactKey: Guid(95061ceb3fea67a4aadf9c7fca28be82) Importer(815301076,1909f56bfc062723c751e8b465ee728b)
Start importing Assets/RESKIN/LEVELS/LEVEL 5 CASTLE INTERIOR/L5 CASTLE INTERIOR/Megacastlepack--1v508h952z1s0a7x34/scene_construction_pngs/pillar_with_perspective/pillar_complete.png using Guid(95061ceb3fea67a4aadf9c7fca28be82) Importer(815301076,1909f56bfc062723c751e8b465ee728b) (PreviewImporter) -> (artifact id: '5c9b67e19ca3110e30d118b5010a5fc1') in 0.0595975 seconds
Number of updated asset objects reloaded before import = 0Number of asset objects unloaded after import = 3

========================================================================
Received Import Request.
  Time since last request: 1.390361 seconds.
  path: Assets/RESKIN/LEVELS/LEVEL 5 CASTLE INTERIOR/L5 CASTLE INTERIOR/Megacastlepack--1v508h952z1s0a7x34/scene_construction_pngs/windows/light_beam_small_yellow.png
  artifactKey: Guid(9b2a8aa02a2b3d542a4df1648e22562d) Importer(815301076,1909f56bfc062723c751e8b465ee728b)
Start importing Assets/RESKIN/LEVELS/LEVEL 5 CASTLE INTERIOR/L5 CASTLE INTERIOR/Megacastlepack--1v508h952z1s0a7x34/scene_construction_pngs/windows/light_beam_small_yellow.png using Guid(9b2a8aa02a2b3d542a4df1648e22562d) Importer(815301076,1909f56bfc062723c751e8b465ee728b) (PreviewImporter) -> (artifact id: '94d290416ada1b04a4fc6898100b265b') in 0.0313156 seconds
Number of updated asset objects reloaded before import = 0Number of asset objects unloaded after import = 2

========================================================================
Received Import Request.
  Time since last request: 0.000062 seconds.
  path: Assets/RESKIN/LEVELS/LEVEL 5 CASTLE INTERIOR/L5 CASTLE INTERIOR/Megacastlepack--1v508h952z1s0a7x34/scene_construction_pngs/windows/window_01.png
  artifactKey: Guid(d604fad317f6a3a4c87dfa8d70c94698) Importer(815301076,1909f56bfc062723c751e8b465ee728b)
Start importing Assets/RESKIN/LEVELS/LEVEL 5 CASTLE INTERIOR/L5 CASTLE INTERIOR/Megacastlepack--1v508h952z1s0a7x34/scene_construction_pngs/windows/window_01.png using Guid(d604fad317f6a3a4c87dfa8d70c94698) Importer(815301076,1909f56bfc062723c751e8b465ee728b) (PreviewImporter) -> (artifact id: 'dbe5684b73111ce18120deebc7a2cb68') in 0.0210815 seconds
Number of updated asset objects reloaded before import = 0Number of asset objects unloaded after import = 2

========================================================================
Received Import Request.
  Time since last request: 0.000034 seconds.
  path: Assets/RESKIN/LEVELS/LEVEL 5 CASTLE INTERIOR/L5 CASTLE INTERIOR/Megacastlepack--1v508h952z1s0a7x34/scene_construction_pngs/windows/window_05.png
  artifactKey: Guid(908ff34d0c9112d4085520faed4ae309) Importer(815301076,1909f56bfc062723c751e8b465ee728b)
Start importing Assets/RESKIN/LEVELS/LEVEL 5 CASTLE INTERIOR/L5 CASTLE INTERIOR/Megacastlepack--1v508h952z1s0a7x34/scene_construction_pngs/windows/window_05.png using Guid(908ff34d0c9112d4085520faed4ae309) Importer(815301076,1909f56bfc062723c751e8b465ee728b) (PreviewImporter) -> (artifact id: 'c7bc492a3d883e12f6c021ff7c26059b') in 0.0247876 seconds
Number of updated asset objects reloaded before import = 0Number of asset objects unloaded after import = 2

========================================================================
Received Import Request.
  Time since last request: 8.655281 seconds.
  path: Assets/RESKIN/LEVELS/LEVEL 5 CASTLE INTERIOR/L5 CASTLE INTERIOR/Megacastlepack--1v508h952z1s0a7x34/scene_construction_pngs/windows/light_beam_yellow.png
  artifactKey: Guid(1ebfb57a94a92cf4b9ca645eea1ff40e) Importer(815301076,1909f56bfc062723c751e8b465ee728b)
Start importing Assets/RESKIN/LEVELS/LEVEL 5 CASTLE INTERIOR/L5 CASTLE INTERIOR/Megacastlepack--1v508h952z1s0a7x34/scene_construction_pngs/windows/light_beam_yellow.png using Guid(1ebfb57a94a92cf4b9ca645eea1ff40e) Importer(815301076,1909f56bfc062723c751e8b465ee728b) (PreviewImporter) -> (artifact id: '2f44e3372714dc7b55252750986ec9ae') in 0.0320838 seconds
Number of updated asset objects reloaded before import = 0Number of asset objects unloaded after import = 3

========================================================================
Received Import Request.
  Time since last request: 0.000021 seconds.
  path: Assets/RESKIN/LEVELS/LEVEL 5 CASTLE INTERIOR/L5 CASTLE INTERIOR/Megacastlepack--1v508h952z1s0a7x34/scene_construction_pngs/windows/window_05.png
  artifactKey: Guid(908ff34d0c9112d4085520faed4ae309) Importer(815301076,1909f56bfc062723c751e8b465ee728b)
Start importing Assets/RESKIN/LEVELS/LEVEL 5 CASTLE INTERIOR/L5 CASTLE INTERIOR/Megacastlepack--1v508h952z1s0a7x34/scene_construction_pngs/windows/window_05.png using Guid(908ff34d0c9112d4085520faed4ae309) Importer(815301076,1909f56bfc062723c751e8b465ee728b) (PreviewImporter) -> (artifact id: 'f99a415309ebe79b4a4228664edfa89d') in 0.0985815 seconds
Number of updated asset objects reloaded before import = 0Number of asset objects unloaded after import = 3

========================================================================
Received Import Request.
  Time since last request: 9.564436 seconds.
  path: Assets/RESKIN/LEVELS/LEVEL 5 CASTLE INTERIOR/L5 CASTLE INTERIOR/Megacastlepack--1v508h952z1s0a7x34/scene_construction_pngs/floor.png
  artifactKey: Guid(628e4277e2e92e7419d10d845cfa63e7) Importer(815301076,1909f56bfc062723c751e8b465ee728b)
Start importing Assets/RESKIN/LEVELS/LEVEL 5 CASTLE INTERIOR/L5 CASTLE INTERIOR/Megacastlepack--1v508h952z1s0a7x34/scene_construction_pngs/floor.png using Guid(628e4277e2e92e7419d10d845cfa63e7) Importer(815301076,1909f56bfc062723c751e8b465ee728b) (PreviewImporter) -> (artifact id: 'e4a8f39b6a0877fb2012fca996afec63') in 0.042514 seconds
Number of updated asset objects reloaded before import = 0Number of asset objects unloaded after import = 3

========================================================================
Received Import Request.
  Time since last request: 3.667617 seconds.
  path: Assets/RESKIN/LEVELS/LEVEL 5 CASTLE INTERIOR/L5 CASTLE INTERIOR/Megacastlepack--1v508h952z1s0a7x34/tiles/dark_grey/fill_02_grey.png
  artifactKey: Guid(a02eed7ff20d3154f8bb01d20b7e1323) Importer(815301076,1909f56bfc062723c751e8b465ee728b)
Start importing Assets/RESKIN/LEVELS/LEVEL 5 CASTLE INTERIOR/L5 CASTLE INTERIOR/Megacastlepack--1v508h952z1s0a7x34/tiles/dark_grey/fill_02_grey.png using Guid(a02eed7ff20d3154f8bb01d20b7e1323) Importer(815301076,1909f56bfc062723c751e8b465ee728b) (PreviewImporter) -> (artifact id: '8e4c50b1657f89d523fa5957b1aa7f84') in 0.0341409 seconds
Number of updated asset objects reloaded before import = 0Number of asset objects unloaded after import = 2

========================================================================
Received Import Request.
  Time since last request: 0.000064 seconds.
  path: Assets/RESKIN/LEVELS/LEVEL 5 CASTLE INTERIOR/L5 CASTLE INTERIOR/Megacastlepack--1v508h952z1s0a7x34/tiles/dark_grey/inner_bottom_left_pass_trough_grey.png
  artifactKey: Guid(4038db60cddb99b449fc3552ad9a6b5a) Importer(815301076,1909f56bfc062723c751e8b465ee728b)
Start importing Assets/RESKIN/LEVELS/LEVEL 5 CASTLE INTERIOR/L5 CASTLE INTERIOR/Megacastlepack--1v508h952z1s0a7x34/tiles/dark_grey/inner_bottom_left_pass_trough_grey.png using Guid(4038db60cddb99b449fc3552ad9a6b5a) Importer(815301076,1909f56bfc062723c751e8b465ee728b) (PreviewImporter) -> (artifact id: '8aa473e64fc9a184621bd30c1c358fea') in 0.0261179 seconds
Number of updated asset objects reloaded before import = 0Number of asset objects unloaded after import = 2

========================================================================
Received Import Request.
  Time since last request: 0.000044 seconds.
  path: Assets/RESKIN/LEVELS/LEVEL 5 CASTLE INTERIOR/L5 CASTLE INTERIOR/Megacastlepack--1v508h952z1s0a7x34/tiles/dark_grey/fill_05_grey.png
  artifactKey: Guid(36034fb4a3b43bd4f82cb087850b44a1) Importer(815301076,1909f56bfc062723c751e8b465ee728b)
Start importing Assets/RESKIN/LEVELS/LEVEL 5 CASTLE INTERIOR/L5 CASTLE INTERIOR/Megacastlepack--1v508h952z1s0a7x34/tiles/dark_grey/fill_05_grey.png using Guid(36034fb4a3b43bd4f82cb087850b44a1) Importer(815301076,1909f56bfc062723c751e8b465ee728b) (PreviewImporter) -> (artifact id: 'fc9d20213f13d0cdfcc2f9edeac94329') in 0.0311017 seconds
Number of updated asset objects reloaded before import = 0Number of asset objects unloaded after import = 2

========================================================================
Received Import Request.
  Time since last request: 10.359289 seconds.
  path: Assets/RESKIN/LEVELS/LEVEL 5 CASTLE INTERIOR/L5 CASTLE INTERIOR/Megacastlepack--1v508h952z1s0a7x34/tiles/dark_grey/fill_03_grey.png
  artifactKey: Guid(449678dfecfd9fb4a8c7cbe447505b67) Importer(815301076,1909f56bfc062723c751e8b465ee728b)
Start importing Assets/RESKIN/LEVELS/LEVEL 5 CASTLE INTERIOR/L5 CASTLE INTERIOR/Megacastlepack--1v508h952z1s0a7x34/tiles/dark_grey/fill_03_grey.png using Guid(449678dfecfd9fb4a8c7cbe447505b67) Importer(815301076,1909f56bfc062723c751e8b465ee728b) (PreviewImporter) -> (artifact id: '24eb5ba95605a1b1bb9a6a4d65feb918') in 0.0229012 seconds
Number of updated asset objects reloaded before import = 0Number of asset objects unloaded after import = 3

========================================================================
Received Import Request.
  Time since last request: 0.000046 seconds.
  path: Assets/RESKIN/LEVELS/LEVEL 5 CASTLE INTERIOR/L5 CASTLE INTERIOR/Megacastlepack--1v508h952z1s0a7x34/tiles/dark_grey/fill_06_grey.png
  artifactKey: Guid(c6c444e7197cce342ada800e5220b6f1) Importer(815301076,1909f56bfc062723c751e8b465ee728b)
Start importing Assets/RESKIN/LEVELS/LEVEL 5 CASTLE INTERIOR/L5 CASTLE INTERIOR/Megacastlepack--1v508h952z1s0a7x34/tiles/dark_grey/fill_06_grey.png using Guid(c6c444e7197cce342ada800e5220b6f1) Importer(815301076,1909f56bfc062723c751e8b465ee728b) (PreviewImporter) -> (artifact id: '790b0c7bd7be295e3d3efb78c27054d2') in 0.0215202 seconds
Number of updated asset objects reloaded before import = 0Number of asset objects unloaded after import = 3

========================================================================
Received Import Request.
  Time since last request: 6.322832 seconds.
  path: Assets/RESKIN/LEVELS/LEVEL 5 CASTLE INTERIOR/L5 CASTLE INTERIOR/Megacastlepack--1v508h952z1s0a7x34/tiles/dark_grey_no_brick/inner_bottom_left_dark_grey.png
  artifactKey: Guid(6518a90ae3f7e734ea7c891949ec9337) Importer(815301076,1909f56bfc062723c751e8b465ee728b)
Start importing Assets/RESKIN/LEVELS/LEVEL 5 CASTLE INTERIOR/L5 CASTLE INTERIOR/Megacastlepack--1v508h952z1s0a7x34/tiles/dark_grey_no_brick/inner_bottom_left_dark_grey.png using Guid(6518a90ae3f7e734ea7c891949ec9337) Importer(815301076,1909f56bfc062723c751e8b465ee728b) (PreviewImporter) -> (artifact id: '99397ddf49cffc434db765189c2b6507') in 0.0177204 seconds
Number of updated asset objects reloaded before import = 0Number of asset objects unloaded after import = 2

========================================================================
Received Import Request.
  Time since last request: 0.000048 seconds.
  path: Assets/RESKIN/LEVELS/LEVEL 5 CASTLE INTERIOR/L5 CASTLE INTERIOR/Megacastlepack--1v508h952z1s0a7x34/tiles/dark_grey_no_brick/inner_bottom_right_dark_grey.png
  artifactKey: Guid(a1109a8fdcf6c6f45a8b5db8b2bfcd4e) Importer(815301076,1909f56bfc062723c751e8b465ee728b)
Start importing Assets/RESKIN/LEVELS/LEVEL 5 CASTLE INTERIOR/L5 CASTLE INTERIOR/Megacastlepack--1v508h952z1s0a7x34/tiles/dark_grey_no_brick/inner_bottom_right_dark_grey.png using Guid(a1109a8fdcf6c6f45a8b5db8b2bfcd4e) Importer(815301076,1909f56bfc062723c751e8b465ee728b) (PreviewImporter) -> (artifact id: 'd3a970e2e0796846b659d9c6e19f0a4d') in 0.0461687 seconds
Number of updated asset objects reloaded before import = 0Number of asset objects unloaded after import = 2

========================================================================
Received Import Request.
  Time since last request: 0.000053 seconds.
  path: Assets/RESKIN/LEVELS/LEVEL 5 CASTLE INTERIOR/L5 CASTLE INTERIOR/Megacastlepack--1v508h952z1s0a7x34/tiles/dark_grey_no_brick/inner_top_right_dark_grey.png
  artifactKey: Guid(88a745287244d4740a49f9b3af2f6e35) Importer(815301076,1909f56bfc062723c751e8b465ee728b)
Start importing Assets/RESKIN/LEVELS/LEVEL 5 CASTLE INTERIOR/L5 CASTLE INTERIOR/Megacastlepack--1v508h952z1s0a7x34/tiles/dark_grey_no_brick/inner_top_right_dark_grey.png using Guid(88a745287244d4740a49f9b3af2f6e35) Importer(815301076,1909f56bfc062723c751e8b465ee728b) (PreviewImporter) -> (artifact id: 'f5ccaaf394ef7858d4bb07dd29ad90d4') in 0.0324239 seconds
Number of updated asset objects reloaded before import = 0Number of asset objects unloaded after import = 2

========================================================================
Received Import Request.
  Time since last request: 8.154426 seconds.
  path: Assets/RESKIN/LEVELS/LEVEL 5 CASTLE INTERIOR/L5 CASTLE INTERIOR/Megacastlepack--1v508h952z1s0a7x34/tiles/dark_grey_no_brick/inner_bottom_left_pass_trough_dark_grey.png
  artifactKey: Guid(70e1d08fc4a34ac46944f6d211e94195) Importer(815301076,1909f56bfc062723c751e8b465ee728b)
Start importing Assets/RESKIN/LEVELS/LEVEL 5 CASTLE INTERIOR/L5 CASTLE INTERIOR/Megacastlepack--1v508h952z1s0a7x34/tiles/dark_grey_no_brick/inner_bottom_left_pass_trough_dark_grey.png using Guid(70e1d08fc4a34ac46944f6d211e94195) Importer(815301076,1909f56bfc062723c751e8b465ee728b) (PreviewImporter) -> (artifact id: '041b2d3fa6312746c2a63b1239dffbf4') in 0.0311413 seconds
Number of updated asset objects reloaded before import = 0Number of asset objects unloaded after import = 3

========================================================================
Received Import Request.
  Time since last request: 0.000013 seconds.
  path: Assets/RESKIN/LEVELS/LEVEL 5 CASTLE INTERIOR/L5 CASTLE INTERIOR/Megacastlepack--1v508h952z1s0a7x34/tiles/dark_grey_no_brick/inner_top_left_grey_dark_grey.png
  artifactKey: Guid(190bf6c22c1d72a40ad11871c7275236) Importer(815301076,1909f56bfc062723c751e8b465ee728b)
Start importing Assets/RESKIN/LEVELS/LEVEL 5 CASTLE INTERIOR/L5 CASTLE INTERIOR/Megacastlepack--1v508h952z1s0a7x34/tiles/dark_grey_no_brick/inner_top_left_grey_dark_grey.png using Guid(190bf6c22c1d72a40ad11871c7275236) Importer(815301076,1909f56bfc062723c751e8b465ee728b) (PreviewImporter) -> (artifact id: 'a09d829a2cdbbf5e629a64f0a3dd4b1b') in 0.0188601 seconds
Number of updated asset objects reloaded before import = 0Number of asset objects unloaded after import = 3

========================================================================
Received Import Request.
  Time since last request: 0.000141 seconds.
  path: Assets/RESKIN/LEVELS/LEVEL 5 CASTLE INTERIOR/L5 CASTLE INTERIOR/Megacastlepack--1v508h952z1s0a7x34/tiles/dark_grey_no_brick/inner_top_left_dark_grey.png
  artifactKey: Guid(57ab41343b68a07418c1a18e86a7e88c) Importer(815301076,1909f56bfc062723c751e8b465ee728b)
Start importing Assets/RESKIN/LEVELS/LEVEL 5 CASTLE INTERIOR/L5 CASTLE INTERIOR/Megacastlepack--1v508h952z1s0a7x34/tiles/dark_grey_no_brick/inner_top_left_dark_grey.png using Guid(57ab41343b68a07418c1a18e86a7e88c) Importer(815301076,1909f56bfc062723c751e8b465ee728b) (PreviewImporter) -> (artifact id: '5238726de29017f6ed280c57d7118d0f') in 0.0270424 seconds
Number of updated asset objects reloaded before import = 0Number of asset objects unloaded after import = 3

========================================================================
Received Import Request.
  Time since last request: 1.321356 seconds.
  path: Assets/RESKIN/LEVELS/LEVEL 5 CASTLE INTERIOR/L5 CASTLE INTERIOR/Megacastlepack--1v508h952z1s0a7x34/tiles/light_grey/fill_02_light_grey.png
  artifactKey: Guid(cfb37c66158db844b905a7522efd0aca) Importer(815301076,1909f56bfc062723c751e8b465ee728b)
Start importing Assets/RESKIN/LEVELS/LEVEL 5 CASTLE INTERIOR/L5 CASTLE INTERIOR/Megacastlepack--1v508h952z1s0a7x34/tiles/light_grey/fill_02_light_grey.png using Guid(cfb37c66158db844b905a7522efd0aca) Importer(815301076,1909f56bfc062723c751e8b465ee728b) (PreviewImporter) -> (artifact id: '5374e27ce9603b6bd322eed6409ad478') in 0.0220958 seconds
Number of updated asset objects reloaded before import = 0Number of asset objects unloaded after import = 2

========================================================================
Received Import Request.
  Time since last request: 0.000121 seconds.
  path: Assets/RESKIN/LEVELS/LEVEL 5 CASTLE INTERIOR/L5 CASTLE INTERIOR/Megacastlepack--1v508h952z1s0a7x34/tiles/light_grey/fill_03_light_grey.png
  artifactKey: Guid(a9dfa402d5edd4649869b642fa09db39) Importer(815301076,1909f56bfc062723c751e8b465ee728b)
Start importing Assets/RESKIN/LEVELS/LEVEL 5 CASTLE INTERIOR/L5 CASTLE INTERIOR/Megacastlepack--1v508h952z1s0a7x34/tiles/light_grey/fill_03_light_grey.png using Guid(a9dfa402d5edd4649869b642fa09db39) Importer(815301076,1909f56bfc062723c751e8b465ee728b) (PreviewImporter) -> (artifact id: 'a9368b11cfe6eb1cd909c33cfc38d39a') in 0.0218703 seconds
Number of updated asset objects reloaded before import = 0Number of asset objects unloaded after import = 2

========================================================================
Received Import Request.
  Time since last request: 0.000102 seconds.
  path: Assets/RESKIN/LEVELS/LEVEL 5 CASTLE INTERIOR/L5 CASTLE INTERIOR/Megacastlepack--1v508h952z1s0a7x34/tiles/light_grey/fill_06_grey_light_grey.png
  artifactKey: Guid(01ceda13a4b9ea64dab75eb352ba810b) Importer(815301076,1909f56bfc062723c751e8b465ee728b)
Start importing Assets/RESKIN/LEVELS/LEVEL 5 CASTLE INTERIOR/L5 CASTLE INTERIOR/Megacastlepack--1v508h952z1s0a7x34/tiles/light_grey/fill_06_grey_light_grey.png using Guid(01ceda13a4b9ea64dab75eb352ba810b) Importer(815301076,1909f56bfc062723c751e8b465ee728b) (PreviewImporter) -> (artifact id: 'c9ea2620535a0be7a9840424f30b22c3') in 0.0167812 seconds
Number of updated asset objects reloaded before import = 0Number of asset objects unloaded after import = 2

========================================================================
Received Import Request.
  Time since last request: 8.917895 seconds.
  path: Assets/RESKIN/LEVELS/LEVEL 5 CASTLE INTERIOR/L5 CASTLE INTERIOR/Megacastlepack--1v508h952z1s0a7x34/tiles/light_grey/fill_02_light_grey.png
  artifactKey: Guid(cfb37c66158db844b905a7522efd0aca) Importer(815301076,1909f56bfc062723c751e8b465ee728b)
Start importing Assets/RESKIN/LEVELS/LEVEL 5 CASTLE INTERIOR/L5 CASTLE INTERIOR/Megacastlepack--1v508h952z1s0a7x34/tiles/light_grey/fill_02_light_grey.png using Guid(cfb37c66158db844b905a7522efd0aca) Importer(815301076,1909f56bfc062723c751e8b465ee728b) (PreviewImporter) -> (artifact id: 'ed2ee79d3cd192ba91cc6ee777e84b93') in 0.0196582 seconds
Number of updated asset objects reloaded before import = 0Number of asset objects unloaded after import = 3

========================================================================
Received Import Request.
  Time since last request: 0.000025 seconds.
  path: Assets/RESKIN/LEVELS/LEVEL 5 CASTLE INTERIOR/L5 CASTLE INTERIOR/Megacastlepack--1v508h952z1s0a7x34/tiles/light_grey/fill_03_light_grey.png
  artifactKey: Guid(a9dfa402d5edd4649869b642fa09db39) Importer(815301076,1909f56bfc062723c751e8b465ee728b)
Start importing Assets/RESKIN/LEVELS/LEVEL 5 CASTLE INTERIOR/L5 CASTLE INTERIOR/Megacastlepack--1v508h952z1s0a7x34/tiles/light_grey/fill_03_light_grey.png using Guid(a9dfa402d5edd4649869b642fa09db39) Importer(815301076,1909f56bfc062723c751e8b465ee728b) (PreviewImporter) -> (artifact id: '3de4629c45d8aaddd7869c431661e749') in 0.0697594 seconds
Number of updated asset objects reloaded before import = 0Number of asset objects unloaded after import = 3

========================================================================
Received Import Request.
  Time since last request: 0.000147 seconds.
  path: Assets/RESKIN/LEVELS/LEVEL 5 CASTLE INTERIOR/L5 CASTLE INTERIOR/Megacastlepack--1v508h952z1s0a7x34/tiles/light_grey/fill_05_grey_light_grey.png
  artifactKey: Guid(29f2841e76f169543b3bae7503b27b5e) Importer(815301076,1909f56bfc062723c751e8b465ee728b)
Start importing Assets/RESKIN/LEVELS/LEVEL 5 CASTLE INTERIOR/L5 CASTLE INTERIOR/Megacastlepack--1v508h952z1s0a7x34/tiles/light_grey/fill_05_grey_light_grey.png using Guid(29f2841e76f169543b3bae7503b27b5e) Importer(815301076,1909f56bfc062723c751e8b465ee728b) (PreviewImporter) -> (artifact id: '8a4c7071bc9173bd3e7457015ec98ad2') in 0.036662 seconds
Number of updated asset objects reloaded before import = 0Number of asset objects unloaded after import = 3

========================================================================
Received Import Request.
  Time since last request: 1.337164 seconds.
  path: Assets/RESKIN/LEVELS/LEVEL 5 CASTLE INTERIOR/L5 CASTLE INTERIOR/Megacastlepack--1v508h952z1s0a7x34/tiles/light_grey_no_brick/inner_bottom_left_grey_light_grey.png
  artifactKey: Guid(cd7d2b29488234c438d0ae950712b547) Importer(815301076,1909f56bfc062723c751e8b465ee728b)
Start importing Assets/RESKIN/LEVELS/LEVEL 5 CASTLE INTERIOR/L5 CASTLE INTERIOR/Megacastlepack--1v508h952z1s0a7x34/tiles/light_grey_no_brick/inner_bottom_left_grey_light_grey.png using Guid(cd7d2b29488234c438d0ae950712b547) Importer(815301076,1909f56bfc062723c751e8b465ee728b) (PreviewImporter) -> (artifact id: '24f844bb0a4b10bfc1911c8591ad1f44') in 0.0217816 seconds
Number of updated asset objects reloaded before import = 0Number of asset objects unloaded after import = 2

========================================================================
Received Import Request.
  Time since last request: 0.000026 seconds.
  path: Assets/RESKIN/LEVELS/LEVEL 5 CASTLE INTERIOR/L5 CASTLE INTERIOR/Megacastlepack--1v508h952z1s0a7x34/tiles/light_grey_no_brick/inner_bottom_right_grey_light_grey.png
  artifactKey: Guid(f4d889ca88c35e24a8318c68ac597a10) Importer(815301076,1909f56bfc062723c751e8b465ee728b)
Start importing Assets/RESKIN/LEVELS/LEVEL 5 CASTLE INTERIOR/L5 CASTLE INTERIOR/Megacastlepack--1v508h952z1s0a7x34/tiles/light_grey_no_brick/inner_bottom_right_grey_light_grey.png using Guid(f4d889ca88c35e24a8318c68ac597a10) Importer(815301076,1909f56bfc062723c751e8b465ee728b) (PreviewImporter) -> (artifact id: '5b93ea078245993415701c957fcd77a9') in 0.0244778 seconds
Number of updated asset objects reloaded before import = 0Number of asset objects unloaded after import = 2

========================================================================
Received Import Request.
  Time since last request: 0.000023 seconds.
  path: Assets/RESKIN/LEVELS/LEVEL 5 CASTLE INTERIOR/L5 CASTLE INTERIOR/Megacastlepack--1v508h952z1s0a7x34/tiles/light_grey_no_brick/inner_bottom_left_pass_trough_light_grey.png
  artifactKey: Guid(f6bde92b4b4a1c94f8f9e1f4a808cc90) Importer(815301076,1909f56bfc062723c751e8b465ee728b)
Start importing Assets/RESKIN/LEVELS/LEVEL 5 CASTLE INTERIOR/L5 CASTLE INTERIOR/Megacastlepack--1v508h952z1s0a7x34/tiles/light_grey_no_brick/inner_bottom_left_pass_trough_light_grey.png using Guid(f6bde92b4b4a1c94f8f9e1f4a808cc90) Importer(815301076,1909f56bfc062723c751e8b465ee728b) (PreviewImporter) -> (artifact id: 'fc213f8f4bc25a301b3e1357d39b04e7') in 0.0185055 seconds
Number of updated asset objects reloaded before import = 0Number of asset objects unloaded after import = 2

========================================================================
Received Import Request.
  Time since last request: 9.002379 seconds.
  path: Assets/RESKIN/LEVELS/LEVEL 5 CASTLE INTERIOR/L5 CASTLE INTERIOR/Megacastlepack--1v508h952z1s0a7x34/tiles/light_grey_no_brick/inner_bottom_left_grey_light_grey.png
  artifactKey: Guid(cd7d2b29488234c438d0ae950712b547) Importer(815301076,1909f56bfc062723c751e8b465ee728b)
Start importing Assets/RESKIN/LEVELS/LEVEL 5 CASTLE INTERIOR/L5 CASTLE INTERIOR/Megacastlepack--1v508h952z1s0a7x34/tiles/light_grey_no_brick/inner_bottom_left_grey_light_grey.png using Guid(cd7d2b29488234c438d0ae950712b547) Importer(815301076,1909f56bfc062723c751e8b465ee728b) (PreviewImporter) -> (artifact id: '25076fd97bbc47707cd681399a3bc4d4') in 0.0261048 seconds
Number of updated asset objects reloaded before import = 0Number of asset objects unloaded after import = 3

========================================================================
Received Import Request.
  Time since last request: 0.000022 seconds.
  path: Assets/RESKIN/LEVELS/LEVEL 5 CASTLE INTERIOR/L5 CASTLE INTERIOR/Megacastlepack--1v508h952z1s0a7x34/tiles/light_grey_no_brick/inner_bottom_right_grey_light_grey.png
  artifactKey: Guid(f4d889ca88c35e24a8318c68ac597a10) Importer(815301076,1909f56bfc062723c751e8b465ee728b)
Start importing Assets/RESKIN/LEVELS/LEVEL 5 CASTLE INTERIOR/L5 CASTLE INTERIOR/Megacastlepack--1v508h952z1s0a7x34/tiles/light_grey_no_brick/inner_bottom_right_grey_light_grey.png using Guid(f4d889ca88c35e24a8318c68ac597a10) Importer(815301076,1909f56bfc062723c751e8b465ee728b) (PreviewImporter) -> (artifact id: '5e0fd2d23ca59eb5f910e6a1f879b2c6') in 0.0200915 seconds
Number of updated asset objects reloaded before import = 0Number of asset objects unloaded after import = 3

========================================================================
Received Import Request.
  Time since last request: 0.000054 seconds.
  path: Assets/RESKIN/LEVELS/LEVEL 5 CASTLE INTERIOR/L5 CASTLE INTERIOR/Megacastlepack--1v508h952z1s0a7x34/tiles/light_grey_no_brick/inner_top_left_grey_light_grey.png
  artifactKey: Guid(bdda46675c89ccf4aae9b7d7f69c4e79) Importer(815301076,1909f56bfc062723c751e8b465ee728b)
Start importing Assets/RESKIN/LEVELS/LEVEL 5 CASTLE INTERIOR/L5 CASTLE INTERIOR/Megacastlepack--1v508h952z1s0a7x34/tiles/light_grey_no_brick/inner_top_left_grey_light_grey.png using Guid(bdda46675c89ccf4aae9b7d7f69c4e79) Importer(815301076,1909f56bfc062723c751e8b465ee728b) (PreviewImporter) -> (artifact id: '31ed92ccf094ab56dcd82b4b61ecf016') in 0.0196822 seconds
Number of updated asset objects reloaded before import = 0Number of asset objects unloaded after import = 3

========================================================================
Received Import Request.
  Time since last request: 29.914493 seconds.
  path: Assets/RESKIN/LEVELS/LEVEL 5 CASTLE INTERIOR/L5 CASTLE INTERIOR/sideviewdoorandkey/key_01.png
  artifactKey: Guid(4ac116c8c2be5684f92870572aaa2f7a) Importer(815301076,1909f56bfc062723c751e8b465ee728b)
Start importing Assets/RESKIN/LEVELS/LEVEL 5 CASTLE INTERIOR/L5 CASTLE INTERIOR/sideviewdoorandkey/key_01.png using Guid(4ac116c8c2be5684f92870572aaa2f7a) Importer(815301076,1909f56bfc062723c751e8b465ee728b) (PreviewImporter) -> (artifact id: '5fe904f9a88d6ca69b54536b1ee15630') in 0.16671 seconds
Number of updated asset objects reloaded before import = 0Number of asset objects unloaded after import = 2

========================================================================
Received Import Request.
  Time since last request: 8.130566 seconds.
  path: Assets/RESKIN/LEVELS/LEVEL 5 CASTLE INTERIOR/L5 CASTLE INTERIOR/sideviewdoorandkey/key_02.png
  artifactKey: Guid(6de436cc0674c0d4fa0517acab22e153) Importer(815301076,1909f56bfc062723c751e8b465ee728b)
Start importing Assets/RESKIN/LEVELS/LEVEL 5 CASTLE INTERIOR/L5 CASTLE INTERIOR/sideviewdoorandkey/key_02.png using Guid(6de436cc0674c0d4fa0517acab22e153) Importer(815301076,1909f56bfc062723c751e8b465ee728b) (PreviewImporter) -> (artifact id: 'b923e6b1e13f5c3b3bdfc7ade39744d6') in 0.0247565 seconds
Number of updated asset objects reloaded before import = 0Number of asset objects unloaded after import = 3

========================================================================
Received Import Request.
  Time since last request: 10.887278 seconds.
  path: Assets/RESKIN/LEVELS/LEVEL 5 CASTLE INTERIOR/L5 CASTLE INTERIOR ENIMIES/BLACK BAT/__black_bat_die_002.png
  artifactKey: Guid(5773cc1a4f9e5aa46bd17bcc9ea0b109) Importer(815301076,1909f56bfc062723c751e8b465ee728b)
Start importing Assets/RESKIN/LEVELS/LEVEL 5 CASTLE INTERIOR/L5 CASTLE INTERIOR ENIMIES/BLACK BAT/__black_bat_die_002.png using Guid(5773cc1a4f9e5aa46bd17bcc9ea0b109) Importer(815301076,1909f56bfc062723c751e8b465ee728b) (PreviewImporter) -> (artifact id: 'aab167f85bcbb563bfff32e3b389262a') in 0.0288204 seconds
Number of updated asset objects reloaded before import = 0Number of asset objects unloaded after import = 2

========================================================================
Received Import Request.
  Time since last request: 0.000034 seconds.
  path: Assets/RESKIN/LEVELS/LEVEL 5 CASTLE INTERIOR/L5 CASTLE INTERIOR ENIMIES/BLACK BAT/__black_bat_die_004.png
  artifactKey: Guid(9ad141a1481c71646a8e0c9a8d708327) Importer(815301076,1909f56bfc062723c751e8b465ee728b)
Start importing Assets/RESKIN/LEVELS/LEVEL 5 CASTLE INTERIOR/L5 CASTLE INTERIOR ENIMIES/BLACK BAT/__black_bat_die_004.png using Guid(9ad141a1481c71646a8e0c9a8d708327) Importer(815301076,1909f56bfc062723c751e8b465ee728b) (PreviewImporter) -> (artifact id: '083ea62f2c8708f6bea59962ed50d5f5') in 0.0152801 seconds
Number of updated asset objects reloaded before import = 0Number of asset objects unloaded after import = 2

========================================================================
Received Import Request.
  Time since last request: 0.000034 seconds.
  path: Assets/RESKIN/LEVELS/LEVEL 5 CASTLE INTERIOR/L5 CASTLE INTERIOR ENIMIES/BLACK BAT/__black_bat_die_006.png
  artifactKey: Guid(010766e19c97b374c9bb63cab710fe96) Importer(815301076,1909f56bfc062723c751e8b465ee728b)
Start importing Assets/RESKIN/LEVELS/LEVEL 5 CASTLE INTERIOR/L5 CASTLE INTERIOR ENIMIES/BLACK BAT/__black_bat_die_006.png using Guid(010766e19c97b374c9bb63cab710fe96) Importer(815301076,1909f56bfc062723c751e8b465ee728b) (PreviewImporter) -> (artifact id: 'bc1c7250dbb7d5baa3edbf9b94a45901') in 0.0674583 seconds
Number of updated asset objects reloaded before import = 0Number of asset objects unloaded after import = 2

========================================================================
Received Import Request.
  Time since last request: 49.740082 seconds.
  path: Assets/RESKIN/LEVELS/LEVEL 5 CASTLE INTERIOR/L5 CASTLE INTERIOR ENIMIES/BLACK BAT/__black_bat_die_003.png
  artifactKey: Guid(a519a60167883a44f8461825bae4ab59) Importer(815301076,1909f56bfc062723c751e8b465ee728b)
Start importing Assets/RESKIN/LEVELS/LEVEL 5 CASTLE INTERIOR/L5 CASTLE INTERIOR ENIMIES/BLACK BAT/__black_bat_die_003.png using Guid(a519a60167883a44f8461825bae4ab59) Importer(815301076,1909f56bfc062723c751e8b465ee728b) (PreviewImporter) -> (artifact id: '877442b1bb2159332602933f6014dfc2') in 0.0251707 seconds
Number of updated asset objects reloaded before import = 0Number of asset objects unloaded after import = 3

========================================================================
Received Import Request.
  Time since last request: 0.000041 seconds.
  path: Assets/RESKIN/LEVELS/LEVEL 5 CASTLE INTERIOR/L5 CASTLE INTERIOR ENIMIES/BLACK BAT/__black_bat_fly_mouth_closed_000.png
  artifactKey: Guid(63305d03a4718f24c82ec7859d3029a4) Importer(815301076,1909f56bfc062723c751e8b465ee728b)
Start importing Assets/RESKIN/LEVELS/LEVEL 5 CASTLE INTERIOR/L5 CASTLE INTERIOR ENIMIES/BLACK BAT/__black_bat_fly_mouth_closed_000.png using Guid(63305d03a4718f24c82ec7859d3029a4) Importer(815301076,1909f56bfc062723c751e8b465ee728b) (PreviewImporter) -> (artifact id: 'f6c6b02a71077e19b3a892909f9a18e6') in 0.0181766 seconds
Number of updated asset objects reloaded before import = 0Number of asset objects unloaded after import = 3

========================================================================
Received Import Request.
  Time since last request: 0.000101 seconds.
  path: Assets/RESKIN/LEVELS/LEVEL 5 CASTLE INTERIOR/L5 CASTLE INTERIOR ENIMIES/BLACK BAT/__black_bat_die_004.png
  artifactKey: Guid(9ad141a1481c71646a8e0c9a8d708327) Importer(815301076,1909f56bfc062723c751e8b465ee728b)
Start importing Assets/RESKIN/LEVELS/LEVEL 5 CASTLE INTERIOR/L5 CASTLE INTERIOR ENIMIES/BLACK BAT/__black_bat_die_004.png using Guid(9ad141a1481c71646a8e0c9a8d708327) Importer(815301076,1909f56bfc062723c751e8b465ee728b) (PreviewImporter) -> (artifact id: '1d4e1ffe3d45357bf0e3bc85311ec4c3') in 0.0463651 seconds
Number of updated asset objects reloaded before import = 0Number of asset objects unloaded after import = 3

========================================================================
Received Import Request.
  Time since last request: 0.000063 seconds.
  path: Assets/RESKIN/LEVELS/LEVEL 5 CASTLE INTERIOR/L5 CASTLE INTERIOR ENIMIES/BLACK BAT/__black_bat_die_005.png
  artifactKey: Guid(cd2d65e9e322b904fa1b55b131f56702) Importer(815301076,1909f56bfc062723c751e8b465ee728b)
Start importing Assets/RESKIN/LEVELS/LEVEL 5 CASTLE INTERIOR/L5 CASTLE INTERIOR ENIMIES/BLACK BAT/__black_bat_die_005.png using Guid(cd2d65e9e322b904fa1b55b131f56702) Importer(815301076,1909f56bfc062723c751e8b465ee728b) (PreviewImporter) -> (artifact id: 'eedb6e5acb931617697c5c23b0118729') in 0.0197159 seconds
Number of updated asset objects reloaded before import = 0Number of asset objects unloaded after import = 3

========================================================================
Received Import Request.
  Time since last request: 78.509722 seconds.
  path: Assets/RESKIN/LEVELS/LEVEL 5 CASTLE INTERIOR/L5 CASTLE INTERIOR ENIMIES/BLACK BAT/__black_bat_fly_mouth_closed_002.png
  artifactKey: Guid(24a1eece8cded4a47b1cc31fbb2edd32) Importer(815301076,1909f56bfc062723c751e8b465ee728b)
Start importing Assets/RESKIN/LEVELS/LEVEL 5 CASTLE INTERIOR/L5 CASTLE INTERIOR ENIMIES/BLACK BAT/__black_bat_fly_mouth_closed_002.png using Guid(24a1eece8cded4a47b1cc31fbb2edd32) Importer(815301076,1909f56bfc062723c751e8b465ee728b) (PreviewImporter) -> (artifact id: 'dad0b6b2af0e763e3842902c879fd2ae') in 0.0239584 seconds
Number of updated asset objects reloaded before import = 0Number of asset objects unloaded after import = 3

========================================================================
Received Import Request.
  Time since last request: 0.014360 seconds.
  path: Assets/RESKIN/LEVELS/LEVEL 5 CASTLE INTERIOR/L5 CASTLE INTERIOR ENIMIES/BLACK BAT/__black_bat_fly_mouth_closed_004.png
  artifactKey: Guid(6b3cf3a52ca13ac46866923b265cd270) Importer(815301076,1909f56bfc062723c751e8b465ee728b)
Start importing Assets/RESKIN/LEVELS/LEVEL 5 CASTLE INTERIOR/L5 CASTLE INTERIOR ENIMIES/BLACK BAT/__black_bat_fly_mouth_closed_004.png using Guid(6b3cf3a52ca13ac46866923b265cd270) Importer(815301076,1909f56bfc062723c751e8b465ee728b) (PreviewImporter) -> (artifact id: '874d434e44f053008172ce0c8f1c1494') in 0.0190081 seconds
Number of updated asset objects reloaded before import = 0Number of asset objects unloaded after import = 3

========================================================================
Received Import Request.
  Time since last request: 0.252940 seconds.
  path: Assets/RESKIN/LEVELS/LEVEL 5 CASTLE INTERIOR/L5 CASTLE INTERIOR ENIMIES/BLACK BAT/__black_bat_fly_mouth_closed_006.png
  artifactKey: Guid(cb0180cdb06b5174b8eb780baa2b33ab) Importer(815301076,1909f56bfc062723c751e8b465ee728b)
Start importing Assets/RESKIN/LEVELS/LEVEL 5 CASTLE INTERIOR/L5 CASTLE INTERIOR ENIMIES/BLACK BAT/__black_bat_fly_mouth_closed_006.png using Guid(cb0180cdb06b5174b8eb780baa2b33ab) Importer(815301076,1909f56bfc062723c751e8b465ee728b) (PreviewImporter) -> (artifact id: '7d08577b3d1fee2494d39ecd93933be7') in 0.0495697 seconds
Number of updated asset objects reloaded before import = 0Number of asset objects unloaded after import = 3

========================================================================
Received Import Request.
  Time since last request: 0.000045 seconds.
  path: Assets/RESKIN/LEVELS/LEVEL 5 CASTLE INTERIOR/L5 CASTLE INTERIOR ENIMIES/BLACK BAT/__black_bat_fly_mouth_closed_007.png
  artifactKey: Guid(bfad8ab2b4c13b14eaf08f328e161c63) Importer(815301076,1909f56bfc062723c751e8b465ee728b)
Start importing Assets/RESKIN/LEVELS/LEVEL 5 CASTLE INTERIOR/L5 CASTLE INTERIOR ENIMIES/BLACK BAT/__black_bat_fly_mouth_closed_007.png using Guid(bfad8ab2b4c13b14eaf08f328e161c63) Importer(815301076,1909f56bfc062723c751e8b465ee728b) (PreviewImporter) -> (artifact id: '4d5da980b61f1380d8fc52f29146575f') in 0.0244648 seconds
Number of updated asset objects reloaded before import = 0Number of asset objects unloaded after import = 3

========================================================================
Received Import Request.
  Time since last request: 4.092907 seconds.
  path: Assets/RESKIN/LEVELS/LEVEL 5 CASTLE INTERIOR/L5 CASTLE INTERIOR ENIMIES/KNIGHT 1/__knight_1_attack_four_001.png
  artifactKey: Guid(8179a77f45e2fa64d84ba5f8f87aafdb) Importer(815301076,1909f56bfc062723c751e8b465ee728b)
Start importing Assets/RESKIN/LEVELS/LEVEL 5 CASTLE INTERIOR/L5 CASTLE INTERIOR ENIMIES/KNIGHT 1/__knight_1_attack_four_001.png using Guid(8179a77f45e2fa64d84ba5f8f87aafdb) Importer(815301076,1909f56bfc062723c751e8b465ee728b) (PreviewImporter) -> (artifact id: '1e5342df7c237df19f1704eb5b9e4b41') in 0.0519749 seconds
Number of updated asset objects reloaded before import = 0Number of asset objects unloaded after import = 2

========================================================================
Received Import Request.
  Time since last request: 0.000040 seconds.
  path: Assets/RESKIN/LEVELS/LEVEL 5 CASTLE INTERIOR/L5 CASTLE INTERIOR ENIMIES/KNIGHT 1/__knight_1_attack_four_002.png
  artifactKey: Guid(4f90a0d4b4ebf684c896c10988ad9a66) Importer(815301076,1909f56bfc062723c751e8b465ee728b)
Start importing Assets/RESKIN/LEVELS/LEVEL 5 CASTLE INTERIOR/L5 CASTLE INTERIOR ENIMIES/KNIGHT 1/__knight_1_attack_four_002.png using Guid(4f90a0d4b4ebf684c896c10988ad9a66) Importer(815301076,1909f56bfc062723c751e8b465ee728b) (PreviewImporter) -> (artifact id: '31ac4cbe749d205e7fea87cf354a58da') in 0.0423823 seconds
Number of updated asset objects reloaded before import = 0Number of asset objects unloaded after import = 2

========================================================================
Received Import Request.
  Time since last request: 0.000047 seconds.
  path: Assets/RESKIN/LEVELS/LEVEL 5 CASTLE INTERIOR/L5 CASTLE INTERIOR ENIMIES/KNIGHT 1/__knight_1_attack_one_000.png
  artifactKey: Guid(ac1963fa4c4cf7b42ac180d22892327d) Importer(815301076,1909f56bfc062723c751e8b465ee728b)
Start importing Assets/RESKIN/LEVELS/LEVEL 5 CASTLE INTERIOR/L5 CASTLE INTERIOR ENIMIES/KNIGHT 1/__knight_1_attack_one_000.png using Guid(ac1963fa4c4cf7b42ac180d22892327d) Importer(815301076,1909f56bfc062723c751e8b465ee728b) (PreviewImporter) -> (artifact id: '91ff102fd34a21de5a62f0d6840a8d67') in 0.0164663 seconds
Number of updated asset objects reloaded before import = 0Number of asset objects unloaded after import = 2

========================================================================
Received Import Request.
  Time since last request: 0.000055 seconds.
  path: Assets/RESKIN/LEVELS/LEVEL 5 CASTLE INTERIOR/L5 CASTLE INTERIOR ENIMIES/KNIGHT 1/__knight_1_attack_four_006.png
  artifactKey: Guid(ba9fa0ec524c65a408d1b8d0b278e868) Importer(815301076,1909f56bfc062723c751e8b465ee728b)
Start importing Assets/RESKIN/LEVELS/LEVEL 5 CASTLE INTERIOR/L5 CASTLE INTERIOR ENIMIES/KNIGHT 1/__knight_1_attack_four_006.png using Guid(ba9fa0ec524c65a408d1b8d0b278e868) Importer(815301076,1909f56bfc062723c751e8b465ee728b) (PreviewImporter) -> (artifact id: '4479e8c2a5722156f527699e4a19359b') in 0.0775181 seconds
Number of updated asset objects reloaded before import = 0Number of asset objects unloaded after import = 2

========================================================================
Received Import Request.
  Time since last request: 0.000043 seconds.
  path: Assets/RESKIN/LEVELS/LEVEL 5 CASTLE INTERIOR/L5 CASTLE INTERIOR ENIMIES/KNIGHT 1/__knight_1_attack_four_003.png
  artifactKey: Guid(0e229431e74159046be8cf7ee4c5146b) Importer(815301076,1909f56bfc062723c751e8b465ee728b)
Start importing Assets/RESKIN/LEVELS/LEVEL 5 CASTLE INTERIOR/L5 CASTLE INTERIOR ENIMIES/KNIGHT 1/__knight_1_attack_four_003.png using Guid(0e229431e74159046be8cf7ee4c5146b) Importer(815301076,1909f56bfc062723c751e8b465ee728b) (PreviewImporter) -> (artifact id: '891bb2fa0622d254a9c9fe2fc2ceb87f') in 0.0229454 seconds
Number of updated asset objects reloaded before import = 0Number of asset objects unloaded after import = 2

========================================================================
Received Import Request.
  Time since last request: 17.546723 seconds.
  path: Assets/RESKIN/LEVELS/LEVEL 5 CASTLE INTERIOR/L5 CASTLE INTERIOR ENIMIES/KNIGHT 1/__knight_1_attack_four_001.png
  artifactKey: Guid(8179a77f45e2fa64d84ba5f8f87aafdb) Importer(815301076,1909f56bfc062723c751e8b465ee728b)
Start importing Assets/RESKIN/LEVELS/LEVEL 5 CASTLE INTERIOR/L5 CASTLE INTERIOR ENIMIES/KNIGHT 1/__knight_1_attack_four_001.png using Guid(8179a77f45e2fa64d84ba5f8f87aafdb) Importer(815301076,1909f56bfc062723c751e8b465ee728b) (PreviewImporter) -> (artifact id: '3c206906051211fb313f8be96da86192') in 0.0310631 seconds
Number of updated asset objects reloaded before import = 0Number of asset objects unloaded after import = 3

========================================================================
Received Import Request.
  Time since last request: 0.000032 seconds.
  path: Assets/RESKIN/LEVELS/LEVEL 5 CASTLE INTERIOR/L5 CASTLE INTERIOR ENIMIES/KNIGHT 1/__knight_1_attack_one_000.png
  artifactKey: Guid(ac1963fa4c4cf7b42ac180d22892327d) Importer(815301076,1909f56bfc062723c751e8b465ee728b)
Start importing Assets/RESKIN/LEVELS/LEVEL 5 CASTLE INTERIOR/L5 CASTLE INTERIOR ENIMIES/KNIGHT 1/__knight_1_attack_one_000.png using Guid(ac1963fa4c4cf7b42ac180d22892327d) Importer(815301076,1909f56bfc062723c751e8b465ee728b) (PreviewImporter) -> (artifact id: '57639d43c079fba8a2d289b4d8c992bd') in 0.0227009 seconds
Number of updated asset objects reloaded before import = 0Number of asset objects unloaded after import = 3

========================================================================
Received Import Request.
  Time since last request: 0.000035 seconds.
  path: Assets/RESKIN/LEVELS/LEVEL 5 CASTLE INTERIOR/L5 CASTLE INTERIOR ENIMIES/KNIGHT 1/__knight_1_attack_four_006.png
  artifactKey: Guid(ba9fa0ec524c65a408d1b8d0b278e868) Importer(815301076,1909f56bfc062723c751e8b465ee728b)
Start importing Assets/RESKIN/LEVELS/LEVEL 5 CASTLE INTERIOR/L5 CASTLE INTERIOR ENIMIES/KNIGHT 1/__knight_1_attack_four_006.png using Guid(ba9fa0ec524c65a408d1b8d0b278e868) Importer(815301076,1909f56bfc062723c751e8b465ee728b) (PreviewImporter) -> (artifact id: '2f3e3ae5de6d023d3699671c05ff21ce') in 0.0259961 seconds
Number of updated asset objects reloaded before import = 0Number of asset objects unloaded after import = 3

========================================================================
Received Import Request.
  Time since last request: 0.000034 seconds.
  path: Assets/RESKIN/LEVELS/LEVEL 5 CASTLE INTERIOR/L5 CASTLE INTERIOR ENIMIES/KNIGHT 1/__knight_1_attack_four_003.png
  artifactKey: Guid(0e229431e74159046be8cf7ee4c5146b) Importer(815301076,1909f56bfc062723c751e8b465ee728b)
Start importing Assets/RESKIN/LEVELS/LEVEL 5 CASTLE INTERIOR/L5 CASTLE INTERIOR ENIMIES/KNIGHT 1/__knight_1_attack_four_003.png using Guid(0e229431e74159046be8cf7ee4c5146b) Importer(815301076,1909f56bfc062723c751e8b465ee728b) (PreviewImporter) -> (artifact id: '6374a1f59c8e1633ea077a5f7f6bd221') in 0.0187975 seconds
Number of updated asset objects reloaded before import = 0Number of asset objects unloaded after import = 3

========================================================================
Received Import Request.
  Time since last request: 9.625079 seconds.
  path: Assets/RESKIN/LEVELS/LEVEL 5 CASTLE INTERIOR/L5 CASTLE INTERIOR ENIMIES/KNIGHT 2/__knight_6_attack_four_001.png
  artifactKey: Guid(fa07c01bcc1750047ad6c0645b9e5a97) Importer(815301076,1909f56bfc062723c751e8b465ee728b)
Start importing Assets/RESKIN/LEVELS/LEVEL 5 CASTLE INTERIOR/L5 CASTLE INTERIOR ENIMIES/KNIGHT 2/__knight_6_attack_four_001.png using Guid(fa07c01bcc1750047ad6c0645b9e5a97) Importer(815301076,1909f56bfc062723c751e8b465ee728b) (PreviewImporter) -> (artifact id: '31e5cec46acd22f20a9a3504a12a52be') in 0.128934 seconds
Number of updated asset objects reloaded before import = 0Number of asset objects unloaded after import = 2

========================================================================
Received Import Request.
  Time since last request: 0.000090 seconds.
  path: Assets/RESKIN/LEVELS/LEVEL 5 CASTLE INTERIOR/L5 CASTLE INTERIOR ENIMIES/KNIGHT 2/__knight_6_attack_four_004.png
  artifactKey: Guid(9a2cceb97ba38c94a88d4cda66c8c773) Importer(815301076,1909f56bfc062723c751e8b465ee728b)
Start importing Assets/RESKIN/LEVELS/LEVEL 5 CASTLE INTERIOR/L5 CASTLE INTERIOR ENIMIES/KNIGHT 2/__knight_6_attack_four_004.png using Guid(9a2cceb97ba38c94a88d4cda66c8c773) Importer(815301076,1909f56bfc062723c751e8b465ee728b) (PreviewImporter) -> (artifact id: 'f4d1947b34b1f5eb77339fffc169a0fd') in 0.0730272 seconds
Number of updated asset objects reloaded before import = 0Number of asset objects unloaded after import = 2

========================================================================
Received Import Request.
  Time since last request: 0.000059 seconds.
  path: Assets/RESKIN/LEVELS/LEVEL 5 CASTLE INTERIOR/L5 CASTLE INTERIOR ENIMIES/KNIGHT 2/__knight_6_attack_four_006.png
  artifactKey: Guid(af518871bd3d6584399bdb8cc7649489) Importer(815301076,1909f56bfc062723c751e8b465ee728b)
Start importing Assets/RESKIN/LEVELS/LEVEL 5 CASTLE INTERIOR/L5 CASTLE INTERIOR ENIMIES/KNIGHT 2/__knight_6_attack_four_006.png using Guid(af518871bd3d6584399bdb8cc7649489) Importer(815301076,1909f56bfc062723c751e8b465ee728b) (PreviewImporter) -> (artifact id: '083849689f503ae9578cd8dca17b6108') in 0.1523657 seconds
Number of updated asset objects reloaded before import = 0Number of asset objects unloaded after import = 2

========================================================================
Received Import Request.
  Time since last request: 25.519789 seconds.
  path: Assets/RESKIN/LEVELS/LEVEL 5 CASTLE INTERIOR/L5 CASTLE INTERIOR ENIMIES/KNIGHT 2/__knight_6_attack_four_002.png
  artifactKey: Guid(fbefb11f8e0fef04b845a69ef83da4d7) Importer(815301076,1909f56bfc062723c751e8b465ee728b)
Start importing Assets/RESKIN/LEVELS/LEVEL 5 CASTLE INTERIOR/L5 CASTLE INTERIOR ENIMIES/KNIGHT 2/__knight_6_attack_four_002.png using Guid(fbefb11f8e0fef04b845a69ef83da4d7) Importer(815301076,1909f56bfc062723c751e8b465ee728b) (PreviewImporter) -> (artifact id: '108d24bc92ad11529b201052a642e228') in 0.0338615 seconds
Number of updated asset objects reloaded before import = 0Number of asset objects unloaded after import = 3

========================================================================
Received Import Request.
  Time since last request: 0.000020 seconds.
  path: Assets/RESKIN/LEVELS/LEVEL 5 CASTLE INTERIOR/L5 CASTLE INTERIOR ENIMIES/KNIGHT 2/__knight_6_attack_one_000.png
  artifactKey: Guid(3d82d9bf8c3067245b17150fe654a773) Importer(815301076,1909f56bfc062723c751e8b465ee728b)
Start importing Assets/RESKIN/LEVELS/LEVEL 5 CASTLE INTERIOR/L5 CASTLE INTERIOR ENIMIES/KNIGHT 2/__knight_6_attack_one_000.png using Guid(3d82d9bf8c3067245b17150fe654a773) Importer(815301076,1909f56bfc062723c751e8b465ee728b) (PreviewImporter) -> (artifact id: '2769872c4393c35051fba3e3caeda07c') in 0.0201402 seconds
Number of updated asset objects reloaded before import = 0Number of asset objects unloaded after import = 3

========================================================================
Received Import Request.
  Time since last request: 0.000070 seconds.
  path: Assets/RESKIN/LEVELS/LEVEL 5 CASTLE INTERIOR/L5 CASTLE INTERIOR ENIMIES/KNIGHT 2/__knight_6_attack_four_004.png
  artifactKey: Guid(9a2cceb97ba38c94a88d4cda66c8c773) Importer(815301076,1909f56bfc062723c751e8b465ee728b)
Start importing Assets/RESKIN/LEVELS/LEVEL 5 CASTLE INTERIOR/L5 CASTLE INTERIOR ENIMIES/KNIGHT 2/__knight_6_attack_four_004.png using Guid(9a2cceb97ba38c94a88d4cda66c8c773) Importer(815301076,1909f56bfc062723c751e8b465ee728b) (PreviewImporter) -> (artifact id: '91b94ae0c83d8286f26e3d2d27295ad5') in 0.0189158 seconds
Number of updated asset objects reloaded before import = 0Number of asset objects unloaded after import = 3

========================================================================
Received Import Request.
  Time since last request: 0.000020 seconds.
  path: Assets/RESKIN/LEVELS/LEVEL 5 CASTLE INTERIOR/L5 CASTLE INTERIOR ENIMIES/KNIGHT 2/__knight_6_attack_four_005.png
  artifactKey: Guid(521341eebe288c74b99340ceb8d10378) Importer(815301076,1909f56bfc062723c751e8b465ee728b)
Start importing Assets/RESKIN/LEVELS/LEVEL 5 CASTLE INTERIOR/L5 CASTLE INTERIOR ENIMIES/KNIGHT 2/__knight_6_attack_four_005.png using Guid(521341eebe288c74b99340ceb8d10378) Importer(815301076,1909f56bfc062723c751e8b465ee728b) (PreviewImporter) -> (artifact id: 'bb3c3c069495330176650f12123d777e') in 0.017931 seconds
Number of updated asset objects reloaded before import = 0Number of asset objects unloaded after import = 3

========================================================================
Received Import Request.
  Time since last request: 2.479127 seconds.
  path: Assets/RESKIN/LEVELS/LEVEL 5 CASTLE INTERIOR/L5 CASTLE INTERIOR ENIMIES/KNIGHT 3/__knight_7_attack_four_001.png
  artifactKey: Guid(68876f74f43251e4cb2923b81aeb5b1f) Importer(815301076,1909f56bfc062723c751e8b465ee728b)
Start importing Assets/RESKIN/LEVELS/LEVEL 5 CASTLE INTERIOR/L5 CASTLE INTERIOR ENIMIES/KNIGHT 3/__knight_7_attack_four_001.png using Guid(68876f74f43251e4cb2923b81aeb5b1f) Importer(815301076,1909f56bfc062723c751e8b465ee728b) (PreviewImporter) -> (artifact id: '0e51c56b5643b01c9525a09016f33f60') in 0.0466188 seconds
Number of updated asset objects reloaded before import = 0Number of asset objects unloaded after import = 2

========================================================================
Received Import Request.
  Time since last request: 0.009115 seconds.
  path: Assets/RESKIN/LEVELS/LEVEL 5 CASTLE INTERIOR/L5 CASTLE INTERIOR ENIMIES/KNIGHT 3/__knight_7_attack_four_003.png
  artifactKey: Guid(cf29b6962f4ae6e42ac1d2988f0e7cf7) Importer(815301076,1909f56bfc062723c751e8b465ee728b)
Start importing Assets/RESKIN/LEVELS/LEVEL 5 CASTLE INTERIOR/L5 CASTLE INTERIOR ENIMIES/KNIGHT 3/__knight_7_attack_four_003.png using Guid(cf29b6962f4ae6e42ac1d2988f0e7cf7) Importer(815301076,1909f56bfc062723c751e8b465ee728b) (PreviewImporter) -> (artifact id: 'f71024e3dcab96f235e23a41a937da07') in 0.0699501 seconds
Number of updated asset objects reloaded before import = 0Number of asset objects unloaded after import = 2

========================================================================
Received Import Request.
  Time since last request: 0.027569 seconds.
  path: Assets/RESKIN/LEVELS/LEVEL 5 CASTLE INTERIOR/L5 CASTLE INTERIOR ENIMIES/KNIGHT 3/__knight_7_attack_four_006.png
  artifactKey: Guid(759f892327d48ba48b69b6e56d1c4b89) Importer(815301076,1909f56bfc062723c751e8b465ee728b)
Start importing Assets/RESKIN/LEVELS/LEVEL 5 CASTLE INTERIOR/L5 CASTLE INTERIOR ENIMIES/KNIGHT 3/__knight_7_attack_four_006.png using Guid(759f892327d48ba48b69b6e56d1c4b89) Importer(815301076,1909f56bfc062723c751e8b465ee728b) (PreviewImporter) -> (artifact id: 'a86ea4ab739f73e22f121d63e5a2a6d6') in 0.0724264 seconds
Number of updated asset objects reloaded before import = 0Number of asset objects unloaded after import = 2

========================================================================
Received Import Request.
  Time since last request: 0.005225 seconds.
  path: Assets/RESKIN/LEVELS/LEVEL 5 CASTLE INTERIOR/L5 CASTLE INTERIOR ENIMIES/KNIGHT 3/__knight_7_attack_one_000.png
  artifactKey: Guid(9098414337ae8334a94f89da3775f518) Importer(815301076,1909f56bfc062723c751e8b465ee728b)
Start importing Assets/RESKIN/LEVELS/LEVEL 5 CASTLE INTERIOR/L5 CASTLE INTERIOR ENIMIES/KNIGHT 3/__knight_7_attack_one_000.png using Guid(9098414337ae8334a94f89da3775f518) Importer(815301076,1909f56bfc062723c751e8b465ee728b) (PreviewImporter) -> (artifact id: '55e74268568975e890c07ed18d4c0bf6') in 0.0742579 seconds
Number of updated asset objects reloaded before import = 0Number of asset objects unloaded after import = 2

========================================================================
Received Import Request.
  Time since last request: 49.624581 seconds.
  path: Assets/RESKIN/LEVELS/LEVEL 5 CASTLE INTERIOR/L5 CASTLE INTERIOR ENIMIES/KNIGHT 3/__knight_7_attack_four_002.png
  artifactKey: Guid(cf1d121311a3ad34c8388afa4dd82451) Importer(815301076,1909f56bfc062723c751e8b465ee728b)
Start importing Assets/RESKIN/LEVELS/LEVEL 5 CASTLE INTERIOR/L5 CASTLE INTERIOR ENIMIES/KNIGHT 3/__knight_7_attack_four_002.png using Guid(cf1d121311a3ad34c8388afa4dd82451) Importer(815301076,1909f56bfc062723c751e8b465ee728b) (PreviewImporter) -> (artifact id: '77f2d67a43d29c0822639830b10939b9') in 0.076663 seconds
Number of updated asset objects reloaded before import = 0Number of asset objects unloaded after import = 3

========================================================================
Received Import Request.
  Time since last request: 0.000049 seconds.
  path: Assets/RESKIN/LEVELS/LEVEL 5 CASTLE INTERIOR/L5 CASTLE INTERIOR ENIMIES/KNIGHT 3/__knight_7_attack_four_006.png
  artifactKey: Guid(759f892327d48ba48b69b6e56d1c4b89) Importer(815301076,1909f56bfc062723c751e8b465ee728b)
Start importing Assets/RESKIN/LEVELS/LEVEL 5 CASTLE INTERIOR/L5 CASTLE INTERIOR ENIMIES/KNIGHT 3/__knight_7_attack_four_006.png using Guid(759f892327d48ba48b69b6e56d1c4b89) Importer(815301076,1909f56bfc062723c751e8b465ee728b) (PreviewImporter) -> (artifact id: 'de7da1a7e346f2d1a11653aedf20ab26') in 0.0880488 seconds
Number of updated asset objects reloaded before import = 0Number of asset objects unloaded after import = 3

========================================================================
Received Import Request.
  Time since last request: 3.629709 seconds.
  path: Assets/RESKIN/LEVELS/LEVEL 5 CASTLE INTERIOR/L5 CASTLE INTERIOR ENIMIES/RAT/__fat_rat_01_die_001.png
  artifactKey: Guid(bd36105b191f54343af5701b75851b21) Importer(815301076,1909f56bfc062723c751e8b465ee728b)
Start importing Assets/RESKIN/LEVELS/LEVEL 5 CASTLE INTERIOR/L5 CASTLE INTERIOR ENIMIES/RAT/__fat_rat_01_die_001.png using Guid(bd36105b191f54343af5701b75851b21) Importer(815301076,1909f56bfc062723c751e8b465ee728b) (PreviewImporter) -> (artifact id: 'c7ed8cc0fe16719bf39e0745ec4dc9ff') in 0.1215969 seconds
Number of updated asset objects reloaded before import = 0Number of asset objects unloaded after import = 2

========================================================================
Received Import Request.
  Time since last request: 0.075686 seconds.
  path: Assets/RESKIN/LEVELS/LEVEL 5 CASTLE INTERIOR/L5 CASTLE INTERIOR ENIMIES/RAT/__fat_rat_01_die_004.png
  artifactKey: Guid(11b0b91949623da48989549641f26eec) Importer(815301076,1909f56bfc062723c751e8b465ee728b)
Start importing Assets/RESKIN/LEVELS/LEVEL 5 CASTLE INTERIOR/L5 CASTLE INTERIOR ENIMIES/RAT/__fat_rat_01_die_004.png using Guid(11b0b91949623da48989549641f26eec) Importer(815301076,1909f56bfc062723c751e8b465ee728b) (PreviewImporter) -> (artifact id: 'b7e07b0d180d4453d60aa7e78a0cb2bf') in 0.1038393 seconds
Number of updated asset objects reloaded before import = 0Number of asset objects unloaded after import = 2

========================================================================
Received Import Request.
  Time since last request: 0.074298 seconds.
  path: Assets/RESKIN/LEVELS/LEVEL 5 CASTLE INTERIOR/L5 CASTLE INTERIOR ENIMIES/RAT/__fat_rat_01_idle_003.png
  artifactKey: Guid(1b4ed832f7e86bc4b976dbf13b019a30) Importer(815301076,1909f56bfc062723c751e8b465ee728b)
Start importing Assets/RESKIN/LEVELS/LEVEL 5 CASTLE INTERIOR/L5 CASTLE INTERIOR ENIMIES/RAT/__fat_rat_01_idle_003.png using Guid(1b4ed832f7e86bc4b976dbf13b019a30) Importer(815301076,1909f56bfc062723c751e8b465ee728b) (PreviewImporter) -> (artifact id: 'f922f75b47117d1c936a88efaf051968') in 0.0422689 seconds
Number of updated asset objects reloaded before import = 0Number of asset objects unloaded after import = 2

========================================================================
Received Import Request.
  Time since last request: 18.725953 seconds.
  path: Assets/RESKIN/LEVELS/LEVEL 5 CASTLE INTERIOR/L5 CASTLE INTERIOR ENIMIES/RAT/__fat_rat_01_die_002.png
  artifactKey: Guid(f4523bceae3def946b48aed35f739583) Importer(815301076,1909f56bfc062723c751e8b465ee728b)
Start importing Assets/RESKIN/LEVELS/LEVEL 5 CASTLE INTERIOR/L5 CASTLE INTERIOR ENIMIES/RAT/__fat_rat_01_die_002.png using Guid(f4523bceae3def946b48aed35f739583) Importer(815301076,1909f56bfc062723c751e8b465ee728b) (PreviewImporter) -> (artifact id: '390c6f33cdb15e52d64534c214defd98') in 0.0250484 seconds
Number of updated asset objects reloaded before import = 0Number of asset objects unloaded after import = 3

========================================================================
Received Import Request.
  Time since last request: 0.000031 seconds.
  path: Assets/RESKIN/LEVELS/LEVEL 5 CASTLE INTERIOR/L5 CASTLE INTERIOR ENIMIES/RAT/__fat_rat_01_idle_002.png
  artifactKey: Guid(e1e33d99855a8da40a4581b3643c7ad4) Importer(815301076,1909f56bfc062723c751e8b465ee728b)
Start importing Assets/RESKIN/LEVELS/LEVEL 5 CASTLE INTERIOR/L5 CASTLE INTERIOR ENIMIES/RAT/__fat_rat_01_idle_002.png using Guid(e1e33d99855a8da40a4581b3643c7ad4) Importer(815301076,1909f56bfc062723c751e8b465ee728b) (PreviewImporter) -> (artifact id: '3cf25ec0f734ec88c1eb6662cc9441e3') in 0.028624 seconds
Number of updated asset objects reloaded before import = 0Number of asset objects unloaded after import = 3

========================================================================
Received Import Request.
  Time since last request: 0.000020 seconds.
  path: Assets/RESKIN/LEVELS/LEVEL 5 CASTLE INTERIOR/L5 CASTLE INTERIOR ENIMIES/RAT/__fat_rat_01_idle_000.png
  artifactKey: Guid(fcf05ab374d9ab04ab4831864c9d96a3) Importer(815301076,1909f56bfc062723c751e8b465ee728b)
Start importing Assets/RESKIN/LEVELS/LEVEL 5 CASTLE INTERIOR/L5 CASTLE INTERIOR ENIMIES/RAT/__fat_rat_01_idle_000.png using Guid(fcf05ab374d9ab04ab4831864c9d96a3) Importer(815301076,1909f56bfc062723c751e8b465ee728b) (PreviewImporter) -> (artifact id: '4489678650231bf268d001e691deea9b') in 0.0205855 seconds
Number of updated asset objects reloaded before import = 0Number of asset objects unloaded after import = 3

========================================================================
Received Import Request.
  Time since last request: 17.931493 seconds.
  path: Assets/RESKIN/LEVELS/LEVEL 5 CASTLE INTERIOR/L5 CASTLE INTERIOR SFX/L5 KNIGHT 2 SWORD ATTACK.wav
  artifactKey: Guid(f2e152d47eb41544199d89469f1d8239) Importer(815301076,1909f56bfc062723c751e8b465ee728b)
Start importing Assets/RESKIN/LEVELS/LEVEL 5 CASTLE INTERIOR/L5 CASTLE INTERIOR SFX/L5 KNIGHT 2 SWORD ATTACK.wav using Guid(f2e152d47eb41544199d89469f1d8239) Importer(815301076,1909f56bfc062723c751e8b465ee728b) (PreviewImporter) -> (artifact id: '18e0988c14a6417f863fd82e02a59a78') in 0.0542642 seconds
Number of updated asset objects reloaded before import = 0Number of asset objects unloaded after import = 2

========================================================================
Received Import Request.
  Time since last request: 11.342290 seconds.
  path: Assets/RESKIN/LEVELS/LEVEL 5 CASTLE INTERIOR/L5 CASTLE INTERIOR SFX/L5 KNIGHT 3 SWORD ATTACK.wav
  artifactKey: Guid(6123fe884d1e41f48b3dbf44531b33d0) Importer(815301076,1909f56bfc062723c751e8b465ee728b)
Start importing Assets/RESKIN/LEVELS/LEVEL 5 CASTLE INTERIOR/L5 CASTLE INTERIOR SFX/L5 KNIGHT 3 SWORD ATTACK.wav using Guid(6123fe884d1e41f48b3dbf44531b33d0) Importer(815301076,1909f56bfc062723c751e8b465ee728b) (PreviewImporter) -> (artifact id: '66f00030bd6227d1377810e3911e9a66') in 0.0156238 seconds
Number of updated asset objects reloaded before import = 0Number of asset objects unloaded after import = 2

========================================================================
Received Import Request.
  Time since last request: 3.625408 seconds.
  path: Assets/RESKIN/LEVELS/LEVEL 6 CASTLE DUNGEON/L6 CASTLE DUNGEON ENIMIES/EVIL BAT/2.png
  artifactKey: Guid(1a9508b05dd403045a1107d7d1b47c5a) Importer(815301076,1909f56bfc062723c751e8b465ee728b)
Start importing Assets/RESKIN/LEVELS/LEVEL 6 CASTLE DUNGEON/L6 CASTLE DUNGEON ENIMIES/EVIL BAT/2.png using Guid(1a9508b05dd403045a1107d7d1b47c5a) Importer(815301076,1909f56bfc062723c751e8b465ee728b) (PreviewImporter) -> (artifact id: 'bac9916ac6dbc7508ab7e234da474fc2') in 0.0619059 seconds
Number of updated asset objects reloaded before import = 0Number of asset objects unloaded after import = 2

========================================================================
Received Import Request.
  Time since last request: 0.021920 seconds.
  path: Assets/RESKIN/LEVELS/LEVEL 6 CASTLE DUNGEON/L6 CASTLE DUNGEON ENIMIES/EVIL BAT/4.png
  artifactKey: Guid(bf098113ae641d848a627e8ea2cd6afb) Importer(815301076,1909f56bfc062723c751e8b465ee728b)
Start importing Assets/RESKIN/LEVELS/LEVEL 6 CASTLE DUNGEON/L6 CASTLE DUNGEON ENIMIES/EVIL BAT/4.png using Guid(bf098113ae641d848a627e8ea2cd6afb) Importer(815301076,1909f56bfc062723c751e8b465ee728b) (PreviewImporter) -> (artifact id: '0e81d0758fcdeb5ef7dce4013005d2fe') in 0.0153463 seconds
Number of updated asset objects reloaded before import = 0Number of asset objects unloaded after import = 2

========================================================================
Received Import Request.
  Time since last request: 0.013749 seconds.
  path: Assets/RESKIN/LEVELS/LEVEL 6 CASTLE DUNGEON/L6 CASTLE DUNGEON ENIMIES/EVIL BAT/5.png
  artifactKey: Guid(54749e2096c00324f880b1a9ac52d803) Importer(815301076,1909f56bfc062723c751e8b465ee728b)
Start importing Assets/RESKIN/LEVELS/LEVEL 6 CASTLE DUNGEON/L6 CASTLE DUNGEON ENIMIES/EVIL BAT/5.png using Guid(54749e2096c00324f880b1a9ac52d803) Importer(815301076,1909f56bfc062723c751e8b465ee728b) (PreviewImporter) -> (artifact id: '23cd3464e952dc495d4ea5eeb6864bb9') in 0.0392521 seconds
Number of updated asset objects reloaded before import = 0Number of asset objects unloaded after import = 2

========================================================================
Received Import Request.
  Time since last request: 0.016948 seconds.
  path: Assets/RESKIN/LEVELS/LEVEL 6 CASTLE DUNGEON/L6 CASTLE DUNGEON ENIMIES/EVIL BAT/7.png
  artifactKey: Guid(763fdc8dbfbf7d945a1ca8ac76fb0a33) Importer(815301076,1909f56bfc062723c751e8b465ee728b)
Start importing Assets/RESKIN/LEVELS/LEVEL 6 CASTLE DUNGEON/L6 CASTLE DUNGEON ENIMIES/EVIL BAT/7.png using Guid(763fdc8dbfbf7d945a1ca8ac76fb0a33) Importer(815301076,1909f56bfc062723c751e8b465ee728b) (PreviewImporter) -> (artifact id: '860a9c680f5e4111ad62709cffe3b12e') in 0.0332098 seconds
Number of updated asset objects reloaded before import = 0Number of asset objects unloaded after import = 2

========================================================================
Received Import Request.
  Time since last request: 0.025915 seconds.
  path: Assets/RESKIN/LEVELS/LEVEL 6 CASTLE DUNGEON/L6 CASTLE DUNGEON ENIMIES/EVIL BAT/9.png
  artifactKey: Guid(aa28c3a4ac3c2d64ea384c192cb22224) Importer(815301076,1909f56bfc062723c751e8b465ee728b)
Start importing Assets/RESKIN/LEVELS/LEVEL 6 CASTLE DUNGEON/L6 CASTLE DUNGEON ENIMIES/EVIL BAT/9.png using Guid(aa28c3a4ac3c2d64ea384c192cb22224) Importer(815301076,1909f56bfc062723c751e8b465ee728b) (PreviewImporter) -> (artifact id: '1e677ed2c27d3ca50429cbb6c6556115') in 0.0573992 seconds
Number of updated asset objects reloaded before import = 0Number of asset objects unloaded after import = 2

========================================================================
Received Import Request.
  Time since last request: 14.594936 seconds.
  path: Assets/RESKIN/LEVELS/LEVEL 6 CASTLE DUNGEON/L6 CASTLE DUNGEON ENIMIES/EVIL BAT/3.png
  artifactKey: Guid(efd8f2c30fac90841ab56d5adc96d173) Importer(815301076,1909f56bfc062723c751e8b465ee728b)
Start importing Assets/RESKIN/LEVELS/LEVEL 6 CASTLE DUNGEON/L6 CASTLE DUNGEON ENIMIES/EVIL BAT/3.png using Guid(efd8f2c30fac90841ab56d5adc96d173) Importer(815301076,1909f56bfc062723c751e8b465ee728b) (PreviewImporter) -> (artifact id: '2c106edc9b773dbd469c685bf217f4e7') in 0.0294603 seconds
Number of updated asset objects reloaded before import = 0Number of asset objects unloaded after import = 3

========================================================================
Received Import Request.
  Time since last request: 0.000025 seconds.
  path: Assets/RESKIN/LEVELS/LEVEL 6 CASTLE DUNGEON/L6 CASTLE DUNGEON ENIMIES/EVIL BAT/6.png
  artifactKey: Guid(791cc6f3280379345850dc5593151e94) Importer(815301076,1909f56bfc062723c751e8b465ee728b)
Start importing Assets/RESKIN/LEVELS/LEVEL 6 CASTLE DUNGEON/L6 CASTLE DUNGEON ENIMIES/EVIL BAT/6.png using Guid(791cc6f3280379345850dc5593151e94) Importer(815301076,1909f56bfc062723c751e8b465ee728b) (PreviewImporter) -> (artifact id: '0ce89632479e8e3c482b5694965f543a') in 0.0322259 seconds
Number of updated asset objects reloaded before import = 0Number of asset objects unloaded after import = 3

========================================================================
Received Import Request.
  Time since last request: 0.000041 seconds.
  path: Assets/RESKIN/LEVELS/LEVEL 6 CASTLE DUNGEON/L6 CASTLE DUNGEON ENIMIES/EVIL BAT/7.png
  artifactKey: Guid(763fdc8dbfbf7d945a1ca8ac76fb0a33) Importer(815301076,1909f56bfc062723c751e8b465ee728b)
Start importing Assets/RESKIN/LEVELS/LEVEL 6 CASTLE DUNGEON/L6 CASTLE DUNGEON ENIMIES/EVIL BAT/7.png using Guid(763fdc8dbfbf7d945a1ca8ac76fb0a33) Importer(815301076,1909f56bfc062723c751e8b465ee728b) (PreviewImporter) -> (artifact id: '73a6d2aef6f14112939a6257d8927e49') in 0.0250913 seconds
Number of updated asset objects reloaded before import = 0Number of asset objects unloaded after import = 3

========================================================================
Received Import Request.
  Time since last request: 2.261166 seconds.
  path: Assets/RESKIN/LEVELS/LEVEL 6 CASTLE DUNGEON/L6 CASTLE DUNGEON ENIMIES/SKELETON 1/__skeleton_warrior_06_attack_slash_001.png
  artifactKey: Guid(7c8dbfd16f494b44caa931e3f2a968f7) Importer(815301076,1909f56bfc062723c751e8b465ee728b)
Start importing Assets/RESKIN/LEVELS/LEVEL 6 CASTLE DUNGEON/L6 CASTLE DUNGEON ENIMIES/SKELETON 1/__skeleton_warrior_06_attack_slash_001.png using Guid(7c8dbfd16f494b44caa931e3f2a968f7) Importer(815301076,1909f56bfc062723c751e8b465ee728b) (PreviewImporter) -> (artifact id: 'ae511258ec7f541f7e012b8061be369e') in 0.2141989 seconds
Number of updated asset objects reloaded before import = 0Number of asset objects unloaded after import = 2

========================================================================
Received Import Request.
  Time since last request: 0.034678 seconds.
  path: Assets/RESKIN/LEVELS/LEVEL 6 CASTLE DUNGEON/L6 CASTLE DUNGEON ENIMIES/SKELETON 1/__skeleton_warrior_06_attack_slash_004.png
  artifactKey: Guid(a4e17b8cb497503408d2592d96a1bad7) Importer(815301076,1909f56bfc062723c751e8b465ee728b)
Start importing Assets/RESKIN/LEVELS/LEVEL 6 CASTLE DUNGEON/L6 CASTLE DUNGEON ENIMIES/SKELETON 1/__skeleton_warrior_06_attack_slash_004.png using Guid(a4e17b8cb497503408d2592d96a1bad7) Importer(815301076,1909f56bfc062723c751e8b465ee728b) (PreviewImporter) -> (artifact id: 'cb7d2aac2ab8ff4ab368a0f9a35ef920') in 0.1734414 seconds
Number of updated asset objects reloaded before import = 0Number of asset objects unloaded after import = 2

========================================================================
Received Import Request.
  Time since last request: 0.039729 seconds.
  path: Assets/RESKIN/LEVELS/LEVEL 6 CASTLE DUNGEON/L6 CASTLE DUNGEON ENIMIES/SKELETON 1/__skeleton_warrior_06_attack_slash_006.png
  artifactKey: Guid(50abc66ce0483974f971a419ed3cd609) Importer(815301076,1909f56bfc062723c751e8b465ee728b)
Start importing Assets/RESKIN/LEVELS/LEVEL 6 CASTLE DUNGEON/L6 CASTLE DUNGEON ENIMIES/SKELETON 1/__skeleton_warrior_06_attack_slash_006.png using Guid(50abc66ce0483974f971a419ed3cd609) Importer(815301076,1909f56bfc062723c751e8b465ee728b) (PreviewImporter) -> (artifact id: 'f42031b070cde043ffc9ad135ca0f98e') in 0.1965101 seconds
Number of updated asset objects reloaded before import = 0Number of asset objects unloaded after import = 2

========================================================================
Received Import Request.
  Time since last request: 54.547362 seconds.
  path: Assets/RESKIN/LEVELS/LEVEL 6 CASTLE DUNGEON/L6 CASTLE DUNGEON ENIMIES/SKELETON 1/__skeleton_warrior_06_attack_slash_002.png
  artifactKey: Guid(3e6e057a243c684448e42c2b722ce832) Importer(815301076,1909f56bfc062723c751e8b465ee728b)
Start importing Assets/RESKIN/LEVELS/LEVEL 6 CASTLE DUNGEON/L6 CASTLE DUNGEON ENIMIES/SKELETON 1/__skeleton_warrior_06_attack_slash_002.png using Guid(3e6e057a243c684448e42c2b722ce832) Importer(815301076,1909f56bfc062723c751e8b465ee728b) (PreviewImporter) -> (artifact id: '5e3cb66922160fc620bce8c1de7bf462') in 0.1771265 seconds
Number of updated asset objects reloaded before import = 0Number of asset objects unloaded after import = 3

========================================================================
Received Import Request.
  Time since last request: 0.000027 seconds.
  path: Assets/RESKIN/LEVELS/LEVEL 6 CASTLE DUNGEON/L6 CASTLE DUNGEON ENIMIES/SKELETON 1/__skeleton_warrior_06_attack_slash_007.png
  artifactKey: Guid(f57cb639de1e2ba4398d6980257bced2) Importer(815301076,1909f56bfc062723c751e8b465ee728b)
Start importing Assets/RESKIN/LEVELS/LEVEL 6 CASTLE DUNGEON/L6 CASTLE DUNGEON ENIMIES/SKELETON 1/__skeleton_warrior_06_attack_slash_007.png using Guid(f57cb639de1e2ba4398d6980257bced2) Importer(815301076,1909f56bfc062723c751e8b465ee728b) (PreviewImporter) -> (artifact id: '76bdd2e2e7616ec26387853e43279fa7') in 0.0205082 seconds
Number of updated asset objects reloaded before import = 0Number of asset objects unloaded after import = 3

========================================================================
Received Import Request.
  Time since last request: 0.000058 seconds.
  path: Assets/RESKIN/LEVELS/LEVEL 6 CASTLE DUNGEON/L6 CASTLE DUNGEON ENIMIES/SKELETON 1/__skeleton_warrior_06_attack_slash_006.png
  artifactKey: Guid(50abc66ce0483974f971a419ed3cd609) Importer(815301076,1909f56bfc062723c751e8b465ee728b)
Start importing Assets/RESKIN/LEVELS/LEVEL 6 CASTLE DUNGEON/L6 CASTLE DUNGEON ENIMIES/SKELETON 1/__skeleton_warrior_06_attack_slash_006.png using Guid(50abc66ce0483974f971a419ed3cd609) Importer(815301076,1909f56bfc062723c751e8b465ee728b) (PreviewImporter) -> (artifact id: 'd0de6d99b47693e70a24a98f14c0f5ab') in 0.021377 seconds
Number of updated asset objects reloaded before import = 0Number of asset objects unloaded after import = 3

========================================================================
Received Import Request.
  Time since last request: 12.051547 seconds.
  path: Assets/RESKIN/LEVELS/LEVEL 6 CASTLE DUNGEON/L6 CASTLE DUNGEON ENIMIES/SKELETON 2/__skeleton_warrior_01_attack_slash_001.png
  artifactKey: Guid(f253e66bf0d570344b9956d0cb3c2b09) Importer(815301076,1909f56bfc062723c751e8b465ee728b)
Start importing Assets/RESKIN/LEVELS/LEVEL 6 CASTLE DUNGEON/L6 CASTLE DUNGEON ENIMIES/SKELETON 2/__skeleton_warrior_01_attack_slash_001.png using Guid(f253e66bf0d570344b9956d0cb3c2b09) Importer(815301076,1909f56bfc062723c751e8b465ee728b) (PreviewImporter) -> (artifact id: '6788541e80a8bc5209aece960e9be92b') in 0.1697406 seconds
Number of updated asset objects reloaded before import = 0Number of asset objects unloaded after import = 2

========================================================================
Received Import Request.
  Time since last request: 0.000105 seconds.
  path: Assets/RESKIN/LEVELS/LEVEL 6 CASTLE DUNGEON/L6 CASTLE DUNGEON ENIMIES/SKELETON 2/__skeleton_warrior_01_attack_slash_005.png
  artifactKey: Guid(0aa39ed4cf2919f4ab06478faffeaf77) Importer(815301076,1909f56bfc062723c751e8b465ee728b)
Start importing Assets/RESKIN/LEVELS/LEVEL 6 CASTLE DUNGEON/L6 CASTLE DUNGEON ENIMIES/SKELETON 2/__skeleton_warrior_01_attack_slash_005.png using Guid(0aa39ed4cf2919f4ab06478faffeaf77) Importer(815301076,1909f56bfc062723c751e8b465ee728b) (PreviewImporter) -> (artifact id: '282237c76741926da95429359667473e') in 0.2141124 seconds
Number of updated asset objects reloaded before import = 0Number of asset objects unloaded after import = 2

========================================================================
Received Import Request.
  Time since last request: 0.000034 seconds.
  path: Assets/RESKIN/LEVELS/LEVEL 6 CASTLE DUNGEON/L6 CASTLE DUNGEON ENIMIES/SKELETON 2/__skeleton_warrior_01_attack_slash_008.png
  artifactKey: Guid(4c0e10f3ce3bbb141b042fc2512ae98f) Importer(815301076,1909f56bfc062723c751e8b465ee728b)
Start importing Assets/RESKIN/LEVELS/LEVEL 6 CASTLE DUNGEON/L6 CASTLE DUNGEON ENIMIES/SKELETON 2/__skeleton_warrior_01_attack_slash_008.png using Guid(4c0e10f3ce3bbb141b042fc2512ae98f) Importer(815301076,1909f56bfc062723c751e8b465ee728b) (PreviewImporter) -> (artifact id: '67148036910a6d819954f4770717744b') in 0.0680811 seconds
Number of updated asset objects reloaded before import = 0Number of asset objects unloaded after import = 2

========================================================================
Received Import Request.
  Time since last request: 52.217923 seconds.
  path: Assets/RESKIN/LEVELS/LEVEL 6 CASTLE DUNGEON/L6 CASTLE DUNGEON ENIMIES/SKELETON 2/__skeleton_warrior_01_attack_slash_001.png
  artifactKey: Guid(f253e66bf0d570344b9956d0cb3c2b09) Importer(815301076,1909f56bfc062723c751e8b465ee728b)
Start importing Assets/RESKIN/LEVELS/LEVEL 6 CASTLE DUNGEON/L6 CASTLE DUNGEON ENIMIES/SKELETON 2/__skeleton_warrior_01_attack_slash_001.png using Guid(f253e66bf0d570344b9956d0cb3c2b09) Importer(815301076,1909f56bfc062723c751e8b465ee728b) (PreviewImporter) -> (artifact id: '4f9b261f040b7c97510448af3d5c3d8c') in 0.2846615 seconds
Number of updated asset objects reloaded before import = 0Number of asset objects unloaded after import = 3

========================================================================
Received Import Request.
  Time since last request: 0.000031 seconds.
  path: Assets/RESKIN/LEVELS/LEVEL 6 CASTLE DUNGEON/L6 CASTLE DUNGEON ENIMIES/SKELETON 2/__skeleton_warrior_01_attack_slash_008.png
  artifactKey: Guid(4c0e10f3ce3bbb141b042fc2512ae98f) Importer(815301076,1909f56bfc062723c751e8b465ee728b)
Start importing Assets/RESKIN/LEVELS/LEVEL 6 CASTLE DUNGEON/L6 CASTLE DUNGEON ENIMIES/SKELETON 2/__skeleton_warrior_01_attack_slash_008.png using Guid(4c0e10f3ce3bbb141b042fc2512ae98f) Importer(815301076,1909f56bfc062723c751e8b465ee728b) (PreviewImporter) -> (artifact id: '748a81c84b9c5dc54dc0f0aee691c05a') in 0.0282033 seconds
Number of updated asset objects reloaded before import = 0Number of asset objects unloaded after import = 3

========================================================================
Received Import Request.
  Time since last request: 10.213932 seconds.
  path: Assets/RESKIN/LEVELS/LEVEL 6 CASTLE DUNGEON/L6 CASTLE DUNGEON ENIMIES/SKELETON 3/__skeleton_warrior_07_attack_slash_001.png
  artifactKey: Guid(735050f8491307d4eac279a9771b278a) Importer(815301076,1909f56bfc062723c751e8b465ee728b)
Start importing Assets/RESKIN/LEVELS/LEVEL 6 CASTLE DUNGEON/L6 CASTLE DUNGEON ENIMIES/SKELETON 3/__skeleton_warrior_07_attack_slash_001.png using Guid(735050f8491307d4eac279a9771b278a) Importer(815301076,1909f56bfc062723c751e8b465ee728b) (PreviewImporter) -> (artifact id: 'b974fe0358ec9af400ea180d0ec9e5df') in 1.1552421 seconds
Number of updated asset objects reloaded before import = 0Number of asset objects unloaded after import = 2

========================================================================
Received Import Request.
  Time since last request: 0.049387 seconds.
  path: Assets/RESKIN/LEVELS/LEVEL 6 CASTLE DUNGEON/L6 CASTLE DUNGEON ENIMIES/SKELETON 3/__skeleton_warrior_07_attack_slash_004.png
  artifactKey: Guid(d359303befc90b649928a833838c68a8) Importer(815301076,1909f56bfc062723c751e8b465ee728b)
Start importing Assets/RESKIN/LEVELS/LEVEL 6 CASTLE DUNGEON/L6 CASTLE DUNGEON ENIMIES/SKELETON 3/__skeleton_warrior_07_attack_slash_004.png using Guid(d359303befc90b649928a833838c68a8) Importer(815301076,1909f56bfc062723c751e8b465ee728b) (PreviewImporter) -> (artifact id: '798afa4d221e00944ab855b13886b724') in 1.1774236 seconds
Number of updated asset objects reloaded before import = 0Number of asset objects unloaded after import = 2

========================================================================
Received Import Request.
  Time since last request: 0.116580 seconds.
  path: Assets/RESKIN/LEVELS/LEVEL 6 CASTLE DUNGEON/L6 CASTLE DUNGEON ENIMIES/SKELETON 3/__skeleton_warrior_07_attack_slash_007.png
  artifactKey: Guid(4a12a4da614cc084fa728978ad43565a) Importer(815301076,1909f56bfc062723c751e8b465ee728b)
Start importing Assets/RESKIN/LEVELS/LEVEL 6 CASTLE DUNGEON/L6 CASTLE DUNGEON ENIMIES/SKELETON 3/__skeleton_warrior_07_attack_slash_007.png using Guid(4a12a4da614cc084fa728978ad43565a) Importer(815301076,1909f56bfc062723c751e8b465ee728b) (PreviewImporter) -> (artifact id: '6f43bd9a8deab2567a5d762530d913b2') in 1.5125736 seconds
Number of updated asset objects reloaded before import = 0Number of asset objects unloaded after import = 2

Editor requested this worker to shutdown with reason: Scaling down because of idle timeout
AssetImportWorker is now disconnected from the server
Process exiting
Exiting without the bug reporter. Application will terminate with return code 0